id,target,target_class,strain,smiles,label_pkd,label_source,round_id
1004316-88-4,pa_h5n1,pa,h5n1,CC(C)c1nc(CN(C)C(=O)N[C@@H](CCN2CCOCC2)C(=O)N[C@H](CC[C@H](Cc2ccccc2)NC(=O)OCc2cncs2)Cc2ccccc2)cs1,4.089,synthetic,round_synthetic
100643-71-8,pa_h5n1,pa,h5n1,Clc1ccc2c(c1)CCc1cccnc1C2=C1CCNCC1,4.022,synthetic,round_synthetic
101-26-8,pa_h5n1,pa,h5n1,CN(C)C(=O)Oc1ccc[n+](C)c1.[Br-],3.24,synthetic,round_synthetic
101477-54-7,pa_h5n1,pa,h5n1,COc1ccc(CN2CCN(C(c3ccc(F)cc3)c3ccc(F)cc3)CC2)c(OC)c1OC.Cl.Cl,4.76,synthetic,round_synthetic
101827-46-7,pa_h5n1,pa,h5n1,CN(Cc1ccc(C(C)(C)C)cc1)Cc1cccc2ccccc12.Cl,4.258,synthetic,round_synthetic
103-16-2,pa_h5n1,pa,h5n1,Oc1ccc(OCc2ccccc2)cc1,5.166,synthetic,round_synthetic
103177-37-3,pa_h5n1,pa,h5n1,O=C(Nc1cccc2c(=O)cc(-c3nnn[nH]3)oc12)c1ccc(OCCCCc2ccccc2)cc1,4.001,synthetic,round_synthetic
10405-02-4,pa_h5n1,pa,h5n1,O=C(O[C@H]1C[C@H]2CC[C@@H](C1)[N+]21CCCC1)C(O)(c1ccccc1)c1ccccc1.[Cl-],4.137,synthetic,round_synthetic
1041434-82-5,pa_h5n1,pa,h5n1,CCC(CC)[C@H](NC(C)=O)[C@@H]1[C@H](O)[C@@H](C(=O)O)C[C@H]1NC(=N)N.O.O.O,4.342,synthetic,round_synthetic
104227-87-4,pa_h5n1,pa,h5n1,CC(=O)OCC(CCn1cnc2cnc(N)nc21)COC(C)=O,4.564,synthetic,round_synthetic
104632-26-0,pa_h5n1,pa,h5n1,CCCN[C@H]1CCc2nc(N)sc2C1,3.943,synthetic,round_synthetic
105462-24-6,pa_h5n1,pa,h5n1,O.O=P(O)(O)C(O)(Cc1cccnc1)P(=O)(O)O,4.892,synthetic,round_synthetic
105816-04-4,pa_h5n1,pa,h5n1,CC(C)[C@H]1CC[C@H](C(=O)N[C@H](Cc2ccccc2)C(=O)O)CC1,5.747,synthetic,round_synthetic
106266-06-2,pa_h5n1,pa,h5n1,Cc1nc2n(c(=O)c1CCN1CCC(c3noc4cc(F)ccc34)CC1)CCCC2,4.887,synthetic,round_synthetic
106308-44-5,pa_h5n1,pa,h5n1,NC(=O)c1cn(Cc2c(F)cccc2F)nn1,4.9,synthetic,round_synthetic
106685-40-9,pa_h5n1,pa,h5n1,COc1ccc(-c2ccc3cc(C(=O)O)ccc3c2)cc1C12CC3CC(CC(C3)C1)C2,4.485,synthetic,round_synthetic
1069-66-5,pa_h5n1,pa,h5n1,CCCC(CCC)C(=O)[O-].[Na+],5.349,synthetic,round_synthetic
107-35-7,pa_h5n1,pa,h5n1,NCCS(=O)(=O)O,5.188,synthetic,round_synthetic
1070-11-7,pa_h5n1,pa,h5n1,CC[C@H](CO)NCCN[C@H](CC)CO.Cl.Cl,4.311,synthetic,round_synthetic
107133-36-8,pa_h5n1,pa,h5n1,CC(C)(C)N.CCC[C@H](N[C@@H](C)C(=O)N1[C@H](C(=O)O)C[C@@H]2CCCC[C@@H]21)C(=O)OCC,4.996,synthetic,round_synthetic
107724-20-9,pa_h5n1,pa,h5n1,COC(=O)[C@@H]1CC2=CC(=O)CC[C@]2(C)[C@@]23O[C@@H]2C[C@@]2(C)[C@@H](CC[C@@]24CCC(=O)O4)[C@H]13,4.822,synthetic,round_synthetic
108341-18-0,pa_h5n1,pa,h5n1,NCC(O)c1ccc(O)c(O)c1.O.O=C(O)C(O)C(O)C(=O)O,5.01,synthetic,round_synthetic
1104-22-9,pa_h5n1,pa,h5n1,Cc1cccc(CN2CCN(C(c3ccccc3)c3ccc(Cl)cc3)CC2)c1.Cl.Cl,3.12,synthetic,round_synthetic
111025-46-8,pa_h5n1,pa,h5n1,CCc1ccc(CCOc2ccc(CC3SC(=O)NC3=O)cc2)nc1,5.004,synthetic,round_synthetic
111406-87-2,pa_h5n1,pa,h5n1,CC(c1cc2ccccc2s1)N(O)C(N)=O,4.026,synthetic,round_synthetic
1115-70-4,pa_h5n1,pa,h5n1,CN(C)C(=N)NC(=N)N.Cl,3.807,synthetic,round_synthetic
111974-72-2,pa_h5n1,pa,h5n1,O=C(O)/C=C/C(=O)O.OCCOCCN1CCN(C2=Nc3ccccc3Sc3ccccc32)CC1.OCCOCCN1CCN(C2=Nc3ccccc3Sc3ccccc32)CC1,4.66,synthetic,round_synthetic
112529-15-4,pa_h5n1,pa,h5n1,CCc1ccc(CCOc2ccc(CC3SC(=O)NC3=O)cc2)nc1.Cl,6.327,synthetic,round_synthetic
112809-51-5,pa_h5n1,pa,h5n1,N#Cc1ccc(C(c2ccc(C#N)cc2)n2cncn2)cc1,4.551,synthetic,round_synthetic
112885-42-4,pa_h5n1,pa,h5n1,CCOc1cc(N)c(Cl)cc1C(=O)NCC1CN(Cc2ccc(F)cc2)CCO1.O=C(O)CC(O)(CC(=O)O)C(=O)O,5.853,synthetic,round_synthetic
113-59-7,pa_h5n1,pa,h5n1,CN(C)CC/C=C1/c2ccccc2Sc2ccc(Cl)cc21,5.765,synthetic,round_synthetic
113-92-8,pa_h5n1,pa,h5n1,CN(C)CCC(c1ccc(Cl)cc1)c1ccccn1.O=C(O)/C=C\C(=O)O,3.921,synthetic,round_synthetic
113852-37-2,pa_h5n1,pa,h5n1,Nc1ccn(C[C@@H](CO)OCP(=O)(O)O)c(=O)n1,4.777,synthetic,round_synthetic
115256-11-6,pa_h5n1,pa,h5n1,CN(CCOc1ccc(NS(C)(=O)=O)cc1)CCc1ccc(NS(C)(=O)=O)cc1,4.823,synthetic,round_synthetic
1156-19-0,pa_h5n1,pa,h5n1,Cc1ccc(S(=O)(=O)NC(=O)NN2CCCCCC2)cc1,4.384,synthetic,round_synthetic
117-37-3,pa_h5n1,pa,h5n1,COc1ccc(C2C(=O)c3ccccc3C2=O)cc1,4.485,synthetic,round_synthetic
118072-93-8,pa_h5n1,pa,h5n1,O=P(O)(O)C(O)(Cn1ccnc1)P(=O)(O)O,4.331,synthetic,round_synthetic
119413-54-6,pa_h5n1,pa,h5n1,CC[C@@]1(O)C(=O)OCc2c1cc1n(c2=O)Cc2cc3c(CN(C)C)c(O)ccc3nc2-1.Cl,5.009,synthetic,round_synthetic
1195765-45-7,pa_h5n1,pa,h5n1,CC(C)(C)c1nc(-c2cccc(NS(=O)(=O)c3c(F)cccc3F)c2F)c(-c2ccnc(N)n2)s1,4.459,synthetic,round_synthetic
120-97-8,pa_h5n1,pa,h5n1,NS(=O)(=O)c1cc(Cl)c(Cl)c(S(N)(=O)=O)c1,4.205,synthetic,round_synthetic
120011-70-3,pa_h5n1,pa,h5n1,COc1cc2c(cc1OC)C(=O)C(CC1CCN(Cc3ccccc3)CC1)C2.Cl,3.954,synthetic,round_synthetic
120202-66-6,pa_h5n1,pa,h5n1,COC(=O)[C@H](c1ccccc1Cl)N1CCc2sccc2C1.O=S(=O)(O)O,5.941,synthetic,round_synthetic
120511-73-1,pa_h5n1,pa,h5n1,CC(C)(C#N)c1cc(Cn2cncn2)cc(C(C)(C)C#N)c1,5.099,synthetic,round_synthetic
122111-03-9,pa_h5n1,pa,h5n1,Cl.Nc1ccn([C@@H]2O[C@H](CO)[C@@H](O)C2(F)F)c(=O)n1,5.806,synthetic,round_synthetic
122320-73-4,pa_h5n1,pa,h5n1,CN(CCOc1ccc(CC2SC(=O)NC2=O)cc1)c1ccccn1,4.519,synthetic,round_synthetic
122647-32-9,pa_h5n1,pa,h5n1,CCCCCCCN(CC)CCCC(O)c1ccc(NS(C)(=O)=O)cc1.CCCCCCCN(CC)CCCC(O)c1ccc(NS(C)(=O)=O)cc1.O=C(O)/C=C/C(=O)O,3.47,synthetic,round_synthetic
122883-93-6,pa_h5n1,pa,h5n1,Cl.O=C1Cc2cc(CCN3CCN(c4nsc5ccccc45)CC3)c(Cl)cc2N1,4.736,synthetic,round_synthetic
1247-42-3,pa_h5n1,pa,h5n1,C[C@H]1C[C@H]2[C@@H]3CCC4=CC(=O)C=C[C@]4(C)[C@H]3C(=O)C[C@]2(C)[C@@]1(O)C(=O)CO,5.662,synthetic,round_synthetic
124750-99-8,pa_h5n1,pa,h5n1,CCCCc1nc(Cl)c(CO)n1Cc1ccc(-c2ccccc2-c2nnn[n-]2)cc1.[K+],5.08,synthetic,round_synthetic
124937-52-6,pa_h5n1,pa,h5n1,Cc1ccc(O)c([C@H](CCN(C(C)C)C(C)C)c2ccccc2)c1.O=C(O)[C@H](O)[C@@H](O)C(=O)O,4.815,synthetic,round_synthetic
125-84-8,pa_h5n1,pa,h5n1,CCC1(c2ccc(N)cc2)CCC(=O)NC1=O,5.131,synthetic,round_synthetic
1263-89-4,pa_h5n1,pa,h5n1,NC[C@@H]1O[C@H](O[C@H]2[C@@H](O)[C@H](O[C@@H]3[C@@H](O)[C@H](N)C[C@H](N)[C@H]3O[C@H]3O[C@H](CO)[C@@H](O)[C@H](O)[C@H]3N)O[C@@H]2CO)[C@H](N)[C@@H](O)[C@@H]1O.O=S(=O)(O)O,3.974,synthetic,round_synthetic
1264-62-6,pa_h5n1,pa,h5n1,CCOC(=O)CCC(=O)O[C@H]1[C@H](O[C@@H]2[C@@H](C)[C@H](O[C@H]3C[C@@](C)(OC)[C@@H](O)[C@H](C)O3)[C@@H](C)C(=O)O[C@H](CC)[C@@](C)(O)[C@H](O)[C@@H](C)C(=O)[C@H](C)C[C@@]2(C)O)O[C@H](C)C[C@@H]1N(C)C,3.866,synthetic,round_synthetic
127-07-1,pa_h5n1,pa,h5n1,NC(=O)NO,4.189,synthetic,round_synthetic
127-56-0,pa_h5n1,pa,h5n1,CC(=O)[N-]S(=O)(=O)c1ccc(N)cc1.[Na+],5.891,synthetic,round_synthetic
127-79-7,pa_h5n1,pa,h5n1,Cc1ccnc(NS(=O)(=O)c2ccc(N)cc2)n1,4.378,synthetic,round_synthetic
128794-94-5,pa_h5n1,pa,h5n1,COc1c(C)c2c(c(O)c1C/C=C(\C)CCC(=O)OCCN1CCOCC1)C(=O)OC2,3.932,synthetic,round_synthetic
129101-54-8,pa_h5n1,pa,h5n1,CCN(C)C(=O)Oc1cccc([C@H](C)N(C)C)c1.O=C(O)[C@H](O)[C@@H](O)C(=O)O,4.286,synthetic,round_synthetic
129497-78-5,pa_h5n1,pa,h5n1,C=Cc1c(C)c2cc3nc(cc4[nH]c(cc5nc(cc1[nH]2)C(C)=C5CCC(=O)OC)c(CCC(=O)O)c4C)[C@@]1(C)C3=CC=C(C(=O)OC)[C@H]1C(=O)OC,3.918,synthetic,round_synthetic
129722-12-9,pa_h5n1,pa,h5n1,O=C1CCc2ccc(OCCCCN3CCN(c4cccc(Cl)c4Cl)CC3)cc2N1,5.346,synthetic,round_synthetic
130-61-0,pa_h5n1,pa,h5n1,CSc1ccc2c(c1)N(CCC1CCCCN1C)c1ccccc1S2.Cl,4.753,synthetic,round_synthetic
13010-47-4,pa_h5n1,pa,h5n1,O=NN(CCCl)C(=O)NC1CCCCC1,5.729,synthetic,round_synthetic
132-17-2,pa_h5n1,pa,h5n1,CN1[C@@H]2CC[C@H]1C[C@@H](OC(c1ccccc1)c1ccccc1)C2.CS(=O)(=O)O,3.748,synthetic,round_synthetic
132-18-3,pa_h5n1,pa,h5n1,CN1CCC(OC(c2ccccc2)c2ccccc2)CC1.Cl,3.477,synthetic,round_synthetic
132539-06-1,pa_h5n1,pa,h5n1,Cc1cc2c(s1)Nc1ccccc1N=C2N1CCN(C)CC1,3.957,synthetic,round_synthetic
13292-46-1,pa_h5n1,pa,h5n1,CO[C@H]1/C=C\O[C@@]2(C)Oc3c(C)c(O)c4c(O)c(c(/C=N\N5CCN(C)CC5)c(O)c4c3C2=O)NC(=O)/C(C)=C/C=C\[C@H](C)[C@H](O)[C@@H](C)[C@@H](O)[C@@H](C)[C@H](OC(C)=O)[C@@H]1C,3.883,synthetic,round_synthetic
133-67-5,pa_h5n1,pa,h5n1,NS(=O)(=O)c1cc2c(cc1Cl)NC(C(Cl)Cl)NS2(=O)=O,4.489,synthetic,round_synthetic
133099-07-7,pa_h5n1,pa,h5n1,Br.NC(=O)C(c1ccccc1)(c1ccccc1)[C@@H]1CCN(CCc2ccc3c(c2)CCO3)C1,5.452,synthetic,round_synthetic
133454-47-4,pa_h5n1,pa,h5n1,COc1cc(C(C)=O)ccc1OCCCN1CCC(c2noc3cc(F)ccc23)CC1,4.602,synthetic,round_synthetic
134308-13-7,pa_h5n1,pa,h5n1,Cc1ccc(C(=O)c2cc(O)c(O)c([N+](=O)[O-])c2)cc1,4.383,synthetic,round_synthetic
134523-03-8,pa_h5n1,pa,h5n1,CC(C)c1c(C(=O)Nc2ccccc2)c(-c2ccccc2)c(-c2ccc(F)cc2)n1CCC(O)CC(O)CC(=O)[O-].CC(C)c1c(C(=O)Nc2ccccc2)c(-c2ccccc2)c(-c2ccc(F)cc2)n1CCC(O)CC(O)CC(=O)[O-].[Ca+2],5.328,synthetic,round_synthetic
135729-62-3,pa_h5n1,pa,h5n1,Cl.O=C1c2cccc3c2[C@H](CCC3)CN1[C@@H]1CN2CCC1CC2,4.461,synthetic,round_synthetic
136-40-3,pa_h5n1,pa,h5n1,Cl.Nc1ccc(/N=N/c2ccccc2)c(N)n1,3.809,synthetic,round_synthetic
136572-09-3,pa_h5n1,pa,h5n1,CCc1c2c(nc3ccc(OC(=O)N4CCC(N5CCCCC5)CC4)cc13)-c1cc3c(c(=O)n1C2)COC(=O)[C@]3(O)CC.Cl.O.O.O,3.906,synthetic,round_synthetic
137-58-6,pa_h5n1,pa,h5n1,CCN(CC)CC(=O)Nc1c(C)cccc1C,4.77,synthetic,round_synthetic
137071-32-0,pa_h5n1,pa,h5n1,CC[C@@H]1/C=C(\C)C[C@H](C)C[C@H](OC)[C@H]2O[C@@](O)(C(=O)C(=O)N3CCCC[C@H]3C(=O)O[C@H](/C(C)=C/[C@@H]3CC[C@H](Cl)[C@H](OC)C3)[C@H](C)[C@@H](O)CC1=O)[C@H](C)C[C@@H]2OC,3.506,synthetic,round_synthetic
138402-11-6,pa_h5n1,pa,h5n1,CCCCC1=NC2(CCCC2)C(=O)N1Cc1ccc(-c2ccccc2-c2nnn[nH]2)cc1,4.575,synthetic,round_synthetic
138530-94-6,pa_h5n1,pa,h5n1,Cc1c(OCC(F)(F)F)ccnc1CS(=O)c1nc2ccccc2[nH]1,5.331,synthetic,round_synthetic
138926-19-9,pa_h5n1,pa,h5n1,CCCCCN(C)CCC(O)(P(=O)([O-])O)P(=O)(O)O.O.[Na+],4.509,synthetic,round_synthetic
139110-80-8,pa_h5n1,pa,h5n1,CC(=O)N[C@H]1[C@H]([C@H](O)[C@H](O)CO)OC(C(=O)O)=C[C@@H]1NC(=N)N,5.858,synthetic,round_synthetic
140462-76-6,pa_h5n1,pa,h5n1,CN(C)CC/C=C1/c2ccccc2COc2ccc(CC(=O)O)cc21.Cl,4.785,synthetic,round_synthetic
141-90-2,pa_h5n1,pa,h5n1,O=c1ccnc(S)[nH]1,4.881,synthetic,round_synthetic
141505-33-1,pa_h5n1,pa,h5n1,C[C@@H]1CC(=O)NN=C1c1ccc(NN=C(C#N)C#N)cc1,5.031,synthetic,round_synthetic
141625-93-6,pa_h5n1,pa,h5n1,CCCCc1oc2ccc(NS(C)(=O)=O)cc2c1C(=O)c1ccc(OCCCN(CCCC)CCCC)cc1.Cl,5.857,synthetic,round_synthetic
142340-99-6,pa_h5n1,pa,h5n1,CC(C)(C)C(=O)OCOP(=O)(COCCn1cnc2c(N)ncnc21)OCOC(=O)C(C)(C)C,3.527,synthetic,round_synthetic
144-82-1,pa_h5n1,pa,h5n1,Cc1nnc(NS(=O)(=O)c2ccc(N)cc2)s1,5.57,synthetic,round_synthetic
144060-53-7,pa_h5n1,pa,h5n1,Cc1nc(-c2ccc(OCC(C)C)c(C#N)c2)sc1C(=O)O,5.012,synthetic,round_synthetic
144689-63-4,pa_h5n1,pa,h5n1,CCCCc1nc(C(C)(C)O)c(C(=O)OCc2oc(=O)oc2C)n1Cc1ccc(-c2ccccc2-c2nn[nH]n2)cc1,5.265,synthetic,round_synthetic
144701-48-4,pa_h5n1,pa,h5n1,CCCc1nc2c(C)cc(-c3nc4ccccc4n3C)cc2n1Cc1ccc(-c2ccccc2C(=O)O)cc1,4.405,synthetic,round_synthetic
145040-37-5,pa_h5n1,pa,h5n1,CCOc1nc2cccc(C(=O)OC(C)OC(=O)OC3CCCCC3)c2n1Cc1ccc(-c2ccccc2-c2nnn[nH]2)cc1,3.686,synthetic,round_synthetic
145108-58-3,pa_h5n1,pa,h5n1,Cc1cccc([C@H](C)c2cnc[nH]2)c1C.Cl,4.432,synthetic,round_synthetic
146464-95-1,pa_h5n1,pa,h5n1,C#CCC(Cc1cnc2nc(N)nc(N)c2n1)c1ccc(C(=O)N[C@@H](CCC(=O)O)C(=O)O)cc1,4.285,synthetic,round_synthetic
147-94-4,pa_h5n1,pa,h5n1,Nc1ccn([C@@H]2O[C@H](CO)[C@@H](O)[C@@H]2O)c(=O)n1,5.722,synthetic,round_synthetic
147127-20-6,pa_h5n1,pa,h5n1,C[C@H](Cn1cnc2c(N)ncnc21)OCP(=O)(O)O,3.503,synthetic,round_synthetic
147403-03-0,pa_h5n1,pa,h5n1,CCOc1nc2cccc(C(=O)O)c2n1Cc1ccc(-c2ccccc2-c2noc(=O)[nH]2)cc1,6.471,synthetic,round_synthetic
1476-53-5,pa_h5n1,pa,h5n1,COC1C(OC(N)=O)C(O)C(Oc2ccc3c(O)c(NC(=O)c4ccc([O-])c(CC=C(C)C)c4)c(=O)oc3c2C)OC1(C)C.[Na+],4.596,synthetic,round_synthetic
148-79-8,pa_h5n1,pa,h5n1,c1ccc2[nH]c(-c3cscn3)nc2c1,5.128,synthetic,round_synthetic
148849-67-6,pa_h5n1,pa,h5n1,COc1cc2c(cc1OC)CC(=O)N(CCCN(C)C[C@H]1Cc3cc(OC)c(OC)cc31)CC2.Cl,4.051,synthetic,round_synthetic
149647-78-9,pa_h5n1,pa,h5n1,O=C(CCCCCCC(=O)Nc1ccccc1)NO,3.554,synthetic,round_synthetic
150-76-5,pa_h5n1,pa,h5n1,COc1ccc(O)cc1,4.027,synthetic,round_synthetic
150322-43-3,pa_h5n1,pa,h5n1,CC(=O)Oc1cc2c(s1)CCN(C(C(=O)C1CC1)c1ccccc1F)C2,4.701,synthetic,round_synthetic
150399-23-8,pa_h5n1,pa,h5n1,Nc1nc2[nH]cc(CCc3ccc(C(=O)N[C@@H](CCC(=O)[O-])C(=O)[O-])cc3)c2c(=O)[nH]1.[Na+].[Na+],4.472,synthetic,round_synthetic
150683-30-0,pa_h5n1,pa,h5n1,Cc1ccccc1C(=O)Nc1ccc(C(=O)N2CCCC(O)c3cc(Cl)ccc32)c(C)c1,4.181,synthetic,round_synthetic
1508-65-2,pa_h5n1,pa,h5n1,CCN(CC)CC#CCOC(=O)C(O)(c1ccccc1)C1CCCCC1.Cl,4.684,synthetic,round_synthetic
1508-75-4,pa_h5n1,pa,h5n1,CCN(Cc1ccncc1)C(=O)C(CO)c1ccccc1,4.078,synthetic,round_synthetic
1508-76-5,pa_h5n1,pa,h5n1,Cl.OC(CCN1CCCC1)(c1ccccc1)C1CCCCC1,5.188,synthetic,round_synthetic
152-62-5,pa_h5n1,pa,h5n1,CC(=O)[C@H]1CC[C@H]2[C@@H]3C=CC4=CC(=O)CC[C@@]4(C)[C@@H]3CC[C@]12C,5.024,synthetic,round_synthetic
152520-56-4,pa_h5n1,pa,h5n1,Cl.OC(CNCC(O)C1CCc2cc(F)ccc2O1)C1CCc2cc(F)ccc2O1,4.166,synthetic,round_synthetic
15307-81-0,pa_h5n1,pa,h5n1,O=C([O-])Cc1ccccc1Nc1c(Cl)cccc1Cl.[K+],4.287,synthetic,round_synthetic
153559-49-0,pa_h5n1,pa,h5n1,C=C(c1ccc(C(=O)O)cc1)c1cc2c(cc1C)C(C)(C)CCC2(C)C,4.607,synthetic,round_synthetic
154229-19-3,pa_h5n1,pa,h5n1,C[C@]12CC[C@H](O)CC1=CC[C@@H]1[C@@H]2CC[C@]2(C)C(c3cccnc3)=CC[C@@H]12,5.033,synthetic,round_synthetic
154361-50-9,pa_h5n1,pa,h5n1,CCCCCOC(=O)Nc1nc(=O)n([C@@H]2O[C@H](C)[C@@H](O)[C@H]2O)cc1F,4.938,synthetic,round_synthetic
155-41-9,pa_h5n1,pa,h5n1,C[N+]1(C)[C@@H]2C[C@@H](OC(=O)[C@H](CO)c3ccccc3)C[C@H]1[C@@H]1O[C@@H]12.[Br-],3.906,synthetic,round_synthetic
155206-00-1,pa_h5n1,pa,h5n1,CCNC(=O)CCC/C=C\C[C@@H]1[C@@H](/C=C/[C@@H](O)CCc2ccccc2)[C@H](O)C[C@@H]1O,5.484,synthetic,round_synthetic
155213-67-5,pa_h5n1,pa,h5n1,CC(C)c1nc(CN(C)C(=O)N[C@H](C(=O)N[C@@H](Cc2ccccc2)C[C@H](O)[C@H](Cc2ccccc2)NC(=O)OCc2cncs2)C(C)C)cs1,3.895,synthetic,round_synthetic
156-57-0,pa_h5n1,pa,h5n1,Cl.NCCS,3.131,synthetic,round_synthetic
15686-71-2,pa_h5n1,pa,h5n1,CC1=C(C(=O)O)N2C(=O)[C@@H](NC(=O)[C@H](N)c3ccccc3)[C@H]2SC1,4.155,synthetic,round_synthetic
159811-51-5,pa_h5n1,pa,h5n1,CC(=O)[C@@]1(O)CC[C@H]2[C@@H]3CCC4=CC(=O)CCC4=C3[C@@H](c3ccc(N(C)C)cc3)C[C@@]21C,6.255,synthetic,round_synthetic
160970-54-7,pa_h5n1,pa,h5n1,C[C@H](Cc1cc2c(c(C(N)=O)c1)N(CCCO)CC2)NCCOc1ccccc1OCC(F)(F)F,5.217,synthetic,round_synthetic
161735-79-1,pa_h5n1,pa,h5n1,C#CCN[C@@H]1CCc2ccccc21.CS(=O)(=O)O,3.594,synthetic,round_synthetic
161814-49-9,pa_h5n1,pa,h5n1,CC(C)CN(C[C@@H](O)[C@H](Cc1ccccc1)NC(=O)O[C@H]1CCOC1)S(=O)(=O)c1ccc(N)cc1,4.337,synthetic,round_synthetic
162011-90-7,pa_h5n1,pa,h5n1,CS(=O)(=O)c1ccc(C2=C(c3ccccc3)C(=O)OC2)cc1,4.212,synthetic,round_synthetic
162401-32-3,pa_h5n1,pa,h5n1,O=C(Nc1c(Cl)cncc1Cl)c1ccc(OC(F)F)c(OCC2CC2)c1,6.208,synthetic,round_synthetic
163222-33-1,pa_h5n1,pa,h5n1,O=C1[C@H](CC[C@H](O)c2ccc(F)cc2)[C@@H](c2ccc(O)cc2)N1c1ccc(F)cc1,4.824,synthetic,round_synthetic
164656-23-9,pa_h5n1,pa,h5n1,C[C@]12C=CC(=O)N[C@@H]1CC[C@@H]1[C@@H]2CC[C@]2(C)[C@@H](C(=O)Nc3cc(C(F)(F)F)ccc3C(F)(F)F)CC[C@@H]12,3.964,synthetic,round_synthetic
165800-03-3,pa_h5n1,pa,h5n1,CC(=O)NC[C@H]1CN(c2ccc(N3CCOCC3)c(F)c2)C(=O)O1,4.773,synthetic,round_synthetic
169590-42-5,pa_h5n1,pa,h5n1,Cc1ccc(-c2cc(C(F)(F)F)nn2-c2ccc(S(N)(=O)=O)cc2)cc1,4.221,synthetic,round_synthetic
170729-80-3,pa_h5n1,pa,h5n1,C[C@@H](O[C@H]1OCCN(Cc2n[nH]c(=O)[nH]2)[C@H]1c1ccc(F)cc1)c1cc(C(F)(F)F)cc(C(F)(F)F)c1,4.84,synthetic,round_synthetic
171599-83-0,pa_h5n1,pa,h5n1,CCCc1nn(C)c2c(=O)[nH]c(-c3cc(S(=O)(=O)N4CCN(C)CC4)ccc3OCC)nc12.O=C(O)CC(O)(CC(=O)O)C(=O)O,4.305,synthetic,round_synthetic
17321-77-6,pa_h5n1,pa,h5n1,CN(C)CCCN1c2ccccc2CCc2ccc(Cl)cc21.Cl,4.904,synthetic,round_synthetic
1744-22-5,pa_h5n1,pa,h5n1,Nc1nc2ccc(OC(F)(F)F)cc2s1,4.455,synthetic,round_synthetic
175865-59-5,pa_h5n1,pa,h5n1,CC(C)[C@H](N)C(=O)OCC(CO)OCn1cnc2c(=O)nc(N)[nH]c21.Cl,4.725,synthetic,round_synthetic
179324-69-7,pa_h5n1,pa,h5n1,CC(C)C[C@H](NC(=O)[C@H](Cc1ccccc1)NC(=O)c1cnccn1)B(O)O,5.262,synthetic,round_synthetic
179463-17-3,pa_h5n1,pa,h5n1,CC(=O)O.CC(=O)O.CCC(C)CC(C)CCCCCCCCC(=O)N[C@H]1C[C@@H](O)[C@@H](NCCN)NC(=O)[C@@H]2[C@@H](O)CCN2C(=O)[C@H]([C@H](O)CCN)NC(=O)[C@H]([C@@H](O)[C@H](O)c2ccc(O)cc2)NC(=O)[C@@H]2C[C@@H](O)CN2C(=O)[C@H]([C@@H](C)O)NC1=O,3.037,synthetic,round_synthetic
18010-40-7,pa_h5n1,pa,h5n1,CCCCN1CCCCC1C(=O)Nc1c(C)cccc1C.Cl,3.882,synthetic,round_synthetic
183133-96-2,pa_h5n1,pa,h5n1,CO[C@H]1C(=O)[C@]2(C)[C@@H](OC)C[C@H]3OC[C@@]3(OC(C)=O)[C@H]2[C@H](OC(=O)c2ccccc2)[C@]2(O)C[C@H](OC(=O)[C@H](O)[C@@H](NC(=O)OC(C)(C)C)c3ccccc3)C(C)=C1C2(C)C,4.162,synthetic,round_synthetic
186826-86-8,pa_h5n1,pa,h5n1,COc1c(N2C[C@@H]3CCCN[C@@H]3C2)c(F)cc2c(=O)c(C(=O)O)cn(C3CC3)c12.Cl,3.892,synthetic,round_synthetic
188062-50-2,pa_h5n1,pa,h5n1,Nc1nc(NC2CC2)c2ncn([C@H]3C=C[C@@H](CO)C3)c2n1.Nc1nc(NC2CC2)c2ncn([C@H]3C=C[C@@H](CO)C3)c2n1.O=S(=O)(O)O,5.149,synthetic,round_synthetic
190786-44-8,pa_h5n1,pa,h5n1,O=C(O)CCCN1CCC(O[C@@H](c2ccc(Cl)cc2)c2ccccn2)CC1.O=S(=O)(O)c1ccccc1,4.998,synthetic,round_synthetic
19171-19-8,pa_h5n1,pa,h5n1,Nc1cccc2c1C(=O)N(C1CCC(=O)NC1=O)C2=O,4.287,synthetic,round_synthetic
19356-17-3,pa_h5n1,pa,h5n1,C=C1CC[C@@H](O)C/C1=C/C=C1\CCC[C@]2(C)[C@@H]([C@H](C)CCCC(C)(C)O)CC[C@@H]12,4.791,synthetic,round_synthetic
19387-91-8,pa_h5n1,pa,h5n1,CCS(=O)(=O)CCn1c([N+](=O)[O-])cnc1C,5.445,synthetic,round_synthetic
1953-02-2,pa_h5n1,pa,h5n1,CC(S)C(=O)NCC(=O)O,4.281,synthetic,round_synthetic
196597-26-9,pa_h5n1,pa,h5n1,CCC(=O)NCC[C@@H]1CCc2ccc3c(c21)CCO3,6.056,synthetic,round_synthetic
19767-45-4,pa_h5n1,pa,h5n1,O=S(=O)([O-])CCS.[Na+],5.845,synthetic,round_synthetic
19774-82-4,pa_h5n1,pa,h5n1,CCCCc1oc2ccccc2c1C(=O)c1cc(I)c(OCCN(CC)CC)c(I)c1.Cl,4.66,synthetic,round_synthetic
198480-56-7,pa_h5n1,pa,h5n1,Cc1c(-c2ccc(O)cc2)n(Cc2ccc(OCCN3CCCCCC3)cc2)c2ccc(O)cc12.Cl,4.373,synthetic,round_synthetic
201530-41-8,pa_h5n1,pa,h5n1,O=C(O)c1ccc(-n2nc(-c3ccccc3O)nc2-c2ccccc2O)cc1,5.058,synthetic,round_synthetic
202138-50-9,pa_h5n1,pa,h5n1,CC(C)OC(=O)OCOP(=O)(CO[C@H](C)Cn1cnc2c(N)ncnc21)OCOC(=O)OC(C)C.O=C(O)/C=C/C(=O)O,4.051,synthetic,round_synthetic
2030-63-9,pa_h5n1,pa,h5n1,CC(C)/N=c1\cc2n(-c3ccc(Cl)cc3)c3ccccc3nc-2cc1Nc1ccc(Cl)cc1,5.399,synthetic,round_synthetic
204255-11-8,pa_h5n1,pa,h5n1,CCOC(=O)C1=C[C@@H](OC(CC)CC)[C@H](NC(C)=O)[C@@H](N)C1.O=P(O)(O)O,5.763,synthetic,round_synthetic
2062-78-4,pa_h5n1,pa,h5n1,O=c1[nH]c2ccccc2n1C1CCN(CCCC(c2ccc(F)cc2)c2ccc(F)cc2)CC1,3.824,synthetic,round_synthetic
2068-78-2,pa_h5n1,pa,h5n1,CC[C@]1(O)C[C@H]2CN(CCc3c([nH]c4ccccc34)[C@@](C(=O)OC)(c3cc4c(cc3OC)N(C=O)[C@H]3[C@@](O)(C(=O)OC)[C@H](OC(C)=O)[C@]5(CC)C=CCN6CC[C@]43[C@@H]65)C2)C1.O=S(=O)(O)O,3.845,synthetic,round_synthetic
211915-06-9,pa_h5n1,pa,h5n1,CCCCCCOC(=O)N/N=C/c1ccc(NCc2nc3cc(C(=O)N(CCC(=O)OCC)c4ccccn4)ccc3n2C)cc1,4.841,synthetic,round_synthetic
21256-18-8,pa_h5n1,pa,h5n1,O=C(O)CCc1nc(-c2ccccc2)c(-c2ccccc2)o1,4.422,synthetic,round_synthetic
2135-17-3,pa_h5n1,pa,h5n1,C[C@@H]1C[C@H]2[C@@H]3C[C@H](F)C4=CC(=O)C=C[C@]4(C)[C@@]3(F)[C@@H](O)C[C@]2(C)[C@@]1(O)C(=O)CO,4.202,synthetic,round_synthetic
21679-14-1,pa_h5n1,pa,h5n1,Nc1nc(F)nc2c1ncn2[C@@H]1O[C@H](CO)[C@@H](O)[C@@H]1O,4.518,synthetic,round_synthetic
21736-83-4,pa_h5n1,pa,h5n1,CN[C@@H]1[C@H](O)[C@H](NC)[C@H]2O[C@@]3(O)C(=O)C[C@@H](C)O[C@H]3O[C@@H]2[C@H]1O.Cl.Cl,3.91,synthetic,round_synthetic
2192-20-3,pa_h5n1,pa,h5n1,Cl.Cl.OCCOCCN1CCN(C(c2ccccc2)c2ccc(Cl)cc2)CC1,5.516,synthetic,round_synthetic
220127-57-1,pa_h5n1,pa,h5n1,CS(=O)(=O)O.Cc1ccc(NC(=O)c2ccc(CN3CCN(C)CC3)cc2)cc1Nc1nccc(-c2cccnc2)n1,4.139,synthetic,round_synthetic
220620-09-7,pa_h5n1,pa,h5n1,CN(C)c1cc(NC(=O)CNC(C)(C)C)c(O)c2c1C[C@H]1C[C@H]3[C@H](N(C)C)C(O)=C(C(N)=O)C(=O)[C@@]3(O)C(O)=C1C2=O,4.32,synthetic,round_synthetic
22254-24-6,pa_h5n1,pa,h5n1,CC(C)[N+]1(C)[C@@H]2CC[C@H]1C[C@@H](OC(=O)C(CO)c1ccccc1)C2.[Br-],3.801,synthetic,round_synthetic
22260-51-1,pa_h5n1,pa,h5n1,CC(C)C[C@H]1C(=O)N2CCC[C@H]2[C@]2(O)O[C@](NC(=O)[C@@H]3C=C4c5cccc6[nH]c(Br)c(c56)CC4N(C)C3)(C(C)C)C(=O)N12.CS(=O)(=O)O,6.498,synthetic,round_synthetic
223673-61-8,pa_h5n1,pa,h5n1,Nc1nc(CC(=O)Nc2ccc(CCNC[C@H](O)c3ccccc3)cc2)cs1,4.721,synthetic,round_synthetic
224785-90-4,pa_h5n1,pa,h5n1,CCCc1nc(C)c2c(=O)nc(-c3cc(S(=O)(=O)N4CCN(CC)CC4)ccc3OCC)[nH]n12,4.36,synthetic,round_synthetic
22916-47-8,pa_h5n1,pa,h5n1,Clc1ccc(COC(Cn2ccnc2)c2ccc(Cl)cc2Cl)c(Cl)c1,4.294,synthetic,round_synthetic
231277-92-2,pa_h5n1,pa,h5n1,CS(=O)(=O)CCNCc1ccc(-c2ccc3ncnc(Nc4ccc(OCc5cccc(F)c5)c(Cl)c4)c3c2)o1,4.575,synthetic,round_synthetic
242478-38-2,pa_h5n1,pa,h5n1,O=C(O)CCC(=O)O.O=C(O[C@H]1CN2CCC1CC2)N1CCc2ccccc2[C@@H]1c1ccccc1,5.42,synthetic,round_synthetic
2447-57-6,pa_h5n1,pa,h5n1,COc1ncnc(NS(=O)(=O)c2ccc(N)cc2)c1OC,3.826,synthetic,round_synthetic
24729-96-2,pa_h5n1,pa,h5n1,CCC[C@@H]1C[C@@H](C(=O)N[C@@H]([C@H]2O[C@H](SC)[C@H](OP(=O)(O)O)[C@@H](O)[C@H]2O)[C@H](C)Cl)N(C)C1,6.953,synthetic,round_synthetic
25451-15-4,pa_h5n1,pa,h5n1,NC(=O)OCC(COC(N)=O)c1ccccc1,4.653,synthetic,round_synthetic
2627-69-2,pa_h5n1,pa,h5n1,NC(=O)c1ncn([C@@H]2O[C@H](CO)[C@@H](O)[C@H]2O)c1N,3.322,synthetic,round_synthetic
26807-65-8,pa_h5n1,pa,h5n1,CC1Cc2ccccc2N1NC(=O)c1ccc(Cl)c(S(N)(=O)=O)c1,4.545,synthetic,round_synthetic
269055-15-4,pa_h5n1,pa,h5n1,Cc1cc(C#N)cc(C)c1Oc1nc(Nc2ccc(C#N)cc2)nc(N)c1Br,6.214,synthetic,round_synthetic
274693-27-5,pa_h5n1,pa,h5n1,CCCSc1nc(N[C@@H]2C[C@H]2c2ccc(F)c(F)c2)c2nnn([C@@H]3C[C@H](OCCO)[C@@H](O)[C@H]3O)c2n1,5.186,synthetic,round_synthetic
27833-64-3,pa_h5n1,pa,h5n1,CN1CCN(C2=Nc3ccccc3Oc3ccc(Cl)cc32)CC1.O=C(O)CCC(=O)O,4.584,synthetic,round_synthetic
2809-21-4,pa_h5n1,pa,h5n1,CC(O)(P(=O)(O)O)P(=O)(O)O,4.692,synthetic,round_synthetic
28657-80-9,pa_h5n1,pa,h5n1,CCn1nc(C(=O)O)c(=O)c2cc3c(cc21)OCO3,4.077,synthetic,round_synthetic
286930-03-8,pa_h5n1,pa,h5n1,CC(C)C(=O)Oc1ccc(CO)cc1C(CCN(C(C)C)C(C)C)c1ccccc1.O=C(O)/C=C/C(=O)O,4.19,synthetic,round_synthetic
297-76-7,pa_h5n1,pa,h5n1,C#C[C@]1(OC(C)=O)CC[C@H]2[C@@H]3CCC4=C[C@@H](OC(C)=O)CC[C@@H]4[C@H]3CC[C@@]21C,4.009,synthetic,round_synthetic
302-79-4,pa_h5n1,pa,h5n1,CC1=C(/C=C/C(C)=C/C=C/C(C)=C/C(=O)O)C(C)(C)CCC1,4.742,synthetic,round_synthetic
302962-49-8,pa_h5n1,pa,h5n1,Cc1nc(Nc2ncc(C(=O)Nc3c(C)cccc3Cl)s2)cc(N2CCN(CCO)CC2)n1,3.489,synthetic,round_synthetic
304-20-1,pa_h5n1,pa,h5n1,NNc1nncc2ccccc12,5.426,synthetic,round_synthetic
3056-17-5,pa_h5n1,pa,h5n1,Cc1cn(C2C=CC(CO)O2)c(=O)[nH]c1=O,4.457,synthetic,round_synthetic
30652-11-0,pa_h5n1,pa,h5n1,Cc1c(O)c(=O)ccn1C,4.289,synthetic,round_synthetic
319460-85-0,pa_h5n1,pa,h5n1,CNC(=O)c1ccccc1Sc1ccc2c(/C=C/c3ccccn3)n[nH]c2c1,6.558,synthetic,round_synthetic
320345-99-1,pa_h5n1,pa,h5n1,O=C(O[C@H]1C[N+]2(CCCOc3ccccc3)CCC1CC2)C(O)(c1cccs1)c1cccs1.[Br-],5.143,synthetic,round_synthetic
321-30-2,pa_h5n1,pa,h5n1,Nc1ncnc2[nH]cnc12.Nc1ncnc2[nH]cnc12.O=S(=O)(O)O,3.891,synthetic,round_synthetic
32986-56-4,pa_h5n1,pa,h5n1,NC[C@H]1O[C@H](O[C@H]2[C@H](O)[C@@H](O[C@H]3O[C@H](CO)[C@@H](O)[C@H](N)[C@H]3O)[C@H](N)C[C@@H]2N)[C@H](N)C[C@@H]1O,3.853,synthetic,round_synthetic
33069-62-4,pa_h5n1,pa,h5n1,CC(=O)O[C@H]1C(=O)[C@@]2(C)[C@H]([C@H](OC(=O)c3ccccc3)[C@]3(O)C[C@H](OC(=O)[C@H](O)[C@@H](NC(=O)c4ccccc4)c4ccccc4)C(C)=C1C3(C)C)[C@]1(OC(C)=O)CO[C@@H]1C[C@@H]2O,3.335,synthetic,round_synthetic
330784-47-9,pa_h5n1,pa,h5n1,COc1ccc(CNc2nc(N3CCC[C@H]3CO)ncc2C(=O)NCc2ncccn2)cc1Cl,4.516,synthetic,round_synthetic
33402-03-8,pa_h5n1,pa,h5n1,C[C@H](N)[C@H](O)c1cccc(O)c1.O=C(O)[C@H](O)[C@@H](O)C(=O)O,3.711,synthetic,round_synthetic
33419-42-0,pa_h5n1,pa,h5n1,COc1cc([C@@H]2c3cc4c(cc3[C@@H](O[C@@H]3O[C@@H]5CO[C@@H](C)O[C@H]5[C@H](O)[C@H]3O)[C@H]3COC(=O)[C@H]23)OCO4)cc(OC)c1O,6.356,synthetic,round_synthetic
341031-54-7,pa_h5n1,pa,h5n1,CCN(CC)CCNC(=O)c1c(C)[nH]c(/C=C2\C(=O)Nc3ccc(F)cc32)c1C.O=C(O)C[C@H](O)C(=O)O,6.809,synthetic,round_synthetic
34183-22-7,pa_h5n1,pa,h5n1,CCCNCC(O)COc1ccccc1C(=O)CCc1ccccc1.Cl,4.517,synthetic,round_synthetic
34381-68-5,pa_h5n1,pa,h5n1,CCCC(=O)Nc1ccc(OCC(O)CNC(C)C)c(C(C)=O)c1.Cl,4.609,synthetic,round_synthetic
34552-83-5,pa_h5n1,pa,h5n1,CN(C)C(=O)C(CCN1CCC(O)(c2ccc(Cl)cc2)CC1)(c1ccccc1)c1ccccc1.Cl,4.4,synthetic,round_synthetic
34580-14-8,pa_h5n1,pa,h5n1,CN1CCC(=C2c3ccccc3CC(=O)c3sccc32)CC1.O=C(O)/C=C/C(=O)O,4.46,synthetic,round_synthetic
3543-75-7,pa_h5n1,pa,h5n1,Cl.Cn1c(CCCC(=O)O)nc2cc(N(CCCl)CCCl)ccc21,4.347,synthetic,round_synthetic
36322-90-4,pa_h5n1,pa,h5n1,CN1C(C(=O)Nc2ccccn2)=C(O)c2ccccc2S1(=O)=O,6.04,synthetic,round_synthetic
364782-34-3,pa_h5n1,pa,h5n1,C[C@@H](NCCCc1cccc(C(F)(F)F)c1)c1cccc2ccccc12.Cl,4.19,synthetic,round_synthetic
367514-88-3,pa_h5n1,pa,h5n1,Cl.O=C1[C@@H]2[C@H]3CC[C@H](C3)[C@@H]2C(=O)N1C[C@@H]1CCCC[C@H]1CN1CCN(c2nsc3ccccc23)CC1,4.318,synthetic,round_synthetic
36791-04-5,pa_h5n1,pa,h5n1,NC(=O)c1ncn([C@@H]2O[C@H](CO)[C@@H](O)[C@H]2O)n1,4.287,synthetic,round_synthetic
3717-88-2,pa_h5n1,pa,h5n1,Cc1c(-c2ccccc2)oc2c(C(=O)OCCN3CCCCC3)cccc2c1=O.Cl,4.562,synthetic,round_synthetic
3801-06-7,pa_h5n1,pa,h5n1,CC(=O)O[C@]1(C(C)=O)CC[C@H]2[C@@H]3C[C@H](C)C4=CC(=O)C=C[C@]4(C)[C@@]3(F)[C@@H](O)C[C@@]21C,4.216,synthetic,round_synthetic
380843-75-4,pa_h5n1,pa,h5n1,COc1cc(Nc2c(C#N)cnc3cc(OCCCN4CCN(C)CC4)c(OC)cc23)c(Cl)cc1Cl,5.936,synthetic,round_synthetic
38194-50-2,pa_h5n1,pa,h5n1,CC1=C(CC(=O)O)c2cc(F)ccc2/C1=C\c1ccc(S(C)=O)cc1,3.708,synthetic,round_synthetic
38304-91-5,pa_h5n1,pa,h5n1,Nc1cc(N2CCCCC2)nc(N)[n+]1[O-],4.56,synthetic,round_synthetic
389-08-2,pa_h5n1,pa,h5n1,CCn1cc(C(=O)O)c(=O)c2ccc(C)nc21,5.298,synthetic,round_synthetic
3963-95-9,pa_h5n1,pa,h5n1,C=C1c2cccc(O)c2C(=O)C2=C(O)[C@]3(O)C(=O)C(C(N)=O)=C(O)[C@@H](N(C)C)[C@@H]3[C@@H](O)[C@H]12.Cl,3.708,synthetic,round_synthetic
3978-86-7,pa_h5n1,pa,h5n1,CN1CCC(=C2c3ccccc3CCc3cccnc32)CC1.O=C(O)/C=C\C(=O)O.O=C(O)/C=C\C(=O)O,4.077,synthetic,round_synthetic
405165-61-9,pa_h5n1,pa,h5n1,Cl.N[C@@H]1CCCCN(c2c(F)cc3c(=O)c(C(=O)O)cn(C4CC4)c3c2Cl)C1,4.536,synthetic,round_synthetic
41340-25-4,pa_h5n1,pa,h5n1,CCc1cccc2c3c([nH]c12)C(CC)(CC(=O)O)OCC3,4.765,synthetic,round_synthetic
42057-22-7,pa_h5n1,pa,h5n1,CC1(C)S[C@@H]2[C@H](NC(=O)[C@H](NC(=O)N3CCN(S(C)(=O)=O)C3=O)c3ccccc3)C(=O)N2[C@H]1C(=O)[O-].[Na+],4.014,synthetic,round_synthetic
42461-84-7,pa_h5n1,pa,h5n1,CNC[C@H](O)[C@@H](O)[C@H](O)[C@H](O)CO.Cc1c(Nc2ncccc2C(=O)O)cccc1C(F)(F)F,4.812,synthetic,round_synthetic
42924-53-8,pa_h5n1,pa,h5n1,COc1ccc2cc(CCC(C)=O)ccc2c1,3.848,synthetic,round_synthetic
4342-03-4,pa_h5n1,pa,h5n1,CN(C)/N=N/c1[nH]cnc1C(N)=O,4.887,synthetic,round_synthetic
440-17-5,pa_h5n1,pa,h5n1,CN1CCN(CCCN2c3ccccc3Sc3ccc(C(F)(F)F)cc32)CC1.Cl,3.94,synthetic,round_synthetic
444731-52-6,pa_h5n1,pa,h5n1,Cc1ccc(Nc2nccc(N(C)c3ccc4c(C)n(C)nc4c3)n2)cc1S(N)(=O)=O,6.307,synthetic,round_synthetic
446-86-6,pa_h5n1,pa,h5n1,Cn1cnc([N+](=O)[O-])c1Sc1ncnc2nc[nH]c12,5.98,synthetic,round_synthetic
452-35-7,pa_h5n1,pa,h5n1,CCOc1ccc2nc(S(N)(=O)=O)sc2c1,4.06,synthetic,round_synthetic
475207-59-1,pa_h5n1,pa,h5n1,CNC(=O)c1cc(Oc2ccc(NC(=O)Nc3ccc(Cl)c(C(F)(F)F)c3)cc2)ccn1.Cc1ccc(S(=O)(=O)O)cc1,4.245,synthetic,round_synthetic
50-01-1,pa_h5n1,pa,h5n1,Cl.N=C(N)N,4.579,synthetic,round_synthetic
50-02-2,pa_h5n1,pa,h5n1,C[C@@H]1C[C@H]2[C@@H]3CCC4=CC(=O)C=C[C@]4(C)[C@@]3(F)[C@@H](O)C[C@]2(C)[C@@]1(O)C(=O)CO,3.373,synthetic,round_synthetic
50-04-4,pa_h5n1,pa,h5n1,CC(=O)OCC(=O)[C@@]1(O)CC[C@H]2[C@@H]3CCC4=CC(=O)CC[C@]4(C)[C@H]3C(=O)C[C@@]21C,4.189,synthetic,round_synthetic
50-27-1,pa_h5n1,pa,h5n1,CC12CCC3c4ccc(O)cc4CCC3C1CC(O)C2O,4.186,synthetic,round_synthetic
50-28-2,pa_h5n1,pa,h5n1,CC12CCC3c4ccc(O)cc4CCC3C1CCC2O,4.444,synthetic,round_synthetic
50-35-1,pa_h5n1,pa,h5n1,O=C1CCC(N2C(=O)c3ccccc3C2=O)C(=O)N1,5.488,synthetic,round_synthetic
50-41-9,pa_h5n1,pa,h5n1,CCN(CC)CCOc1ccc(/C(=C(/Cl)c2ccccc2)c2ccccc2)cc1.O=C(O)CC(O)(CC(=O)O)C(=O)O,4.275,synthetic,round_synthetic
50-55-5,pa_h5n1,pa,h5n1,COC(=O)[C@H]1[C@H]2C[C@@H]3c4[nH]c5cc(OC)ccc5c4CCN3C[C@H]2C[C@@H](OC(=O)c2cc(OC)c(OC)c(OC)c2)[C@@H]1OC,3.656,synthetic,round_synthetic
50-63-5,pa_h5n1,pa,h5n1,CCN(CC)CCCC(C)Nc1ccnc2cc(Cl)ccc12.O=P(O)(O)O.O=P(O)(O)O,4.074,synthetic,round_synthetic
50-78-2,pa_h5n1,pa,h5n1,CC(=O)Oc1ccccc1C(=O)O,4.726,synthetic,round_synthetic
50-81-7,pa_h5n1,pa,h5n1,O=C1O[C@H]([C@@H](O)CO)C(O)=C1O,4.381,synthetic,round_synthetic
50-91-9,pa_h5n1,pa,h5n1,O=c1[nH]c(=O)n(C2CC(O)C(CO)O2)cc1F,3.653,synthetic,round_synthetic
503612-47-3,pa_h5n1,pa,h5n1,COc1ccc(-n2nc(C(N)=O)c3c2C(=O)N(c2ccc(N4CCCCC4=O)cc2)CC3)cc1,4.523,synthetic,round_synthetic
50700-72-6,pa_h5n1,pa,h5n1,CC(=O)OC1CC2CCC3C(CCC4(C)C3CC([N+]3(C)CCCCC3)C4OC(C)=O)C2(C)CC1N1CCCCC1.[Br-],4.233,synthetic,round_synthetic
51-21-8,pa_h5n1,pa,h5n1,O=c1[nH]cc(F)c(=O)[nH]1,4.518,synthetic,round_synthetic
51-52-5,pa_h5n1,pa,h5n1,CCCc1cc(O)nc(S)n1,3.169,synthetic,round_synthetic
51333-22-3,pa_h5n1,pa,h5n1,CCCC1O[C@@H]2C[C@H]3[C@@H]4CCC5=CC(=O)C=C[C@]5(C)[C@H]4[C@@H](O)C[C@]3(C)[C@]2(C(=O)CO)O1,4.442,synthetic,round_synthetic
51481-61-9,pa_h5n1,pa,h5n1,CN/C(=N\C#N)NCCSCc1nc[nH]c1C,4.18,synthetic,round_synthetic
51803-78-2,pa_h5n1,pa,h5n1,CS(=O)(=O)Nc1ccc([N+](=O)[O-])cc1Oc1ccccc1,3.668,synthetic,round_synthetic
518048-05-0,pa_h5n1,pa,h5n1,Cc1nnc(C(=O)NC(C)(C)c2nc(C(=O)NCc3ccc(F)cc3)c(O)c(=O)n2C)o1,3.809,synthetic,round_synthetic
52-21-1,pa_h5n1,pa,h5n1,CC(=O)OCC(=O)[C@@]1(O)CC[C@H]2[C@@H]3CCC4=CC(=O)C=C[C@]4(C)[C@H]3[C@@H](O)C[C@@]21C,3.861,synthetic,round_synthetic
52-86-8,pa_h5n1,pa,h5n1,O=C(CCCN1CCC(O)(c2ccc(Cl)cc2)CC1)c1ccc(F)cc1,5.708,synthetic,round_synthetic
521-78-8,pa_h5n1,pa,h5n1,CC(CN(C)C)CN1c2ccccc2CCc2ccccc21.O=C(O)/C=C\C(=O)O,5.17,synthetic,round_synthetic
527-07-1,pa_h5n1,pa,h5n1,O=C([O-])[C@H](O)[C@@H](O)[C@H](O)[C@H](O)CO.[Na+],3.433,synthetic,round_synthetic
53-86-1,pa_h5n1,pa,h5n1,COc1ccc2c(c1)c(CC(=O)O)c(C)n2C(=O)c1ccc(Cl)cc1,4.095,synthetic,round_synthetic
532-03-6,pa_h5n1,pa,h5n1,COc1ccccc1OCC(O)COC(N)=O,3.052,synthetic,round_synthetic
53885-35-1,pa_h5n1,pa,h5n1,Cl.Clc1ccccc1CN1CCc2sccc2C1,6.124,synthetic,round_synthetic
54-85-3,pa_h5n1,pa,h5n1,NNC(=O)c1ccncc1,3.714,synthetic,round_synthetic
54029-12-8,pa_h5n1,pa,h5n1,CCCS(=O)c1ccc2nc(NC(=O)OC)[nH]c2c1,5.574,synthetic,round_synthetic
540737-29-9,pa_h5n1,pa,h5n1,C[C@@H]1CCN(C(=O)CC#N)C[C@@H]1N(C)c1ncnc2[nH]ccc12.O=C(O)CC(O)(CC(=O)O)C(=O)O,3.789,synthetic,round_synthetic
541-15-1,pa_h5n1,pa,h5n1,C[N+](C)(C)C[C@@H](O)CC(=O)[O-],4.121,synthetic,round_synthetic
541-22-0,pa_h5n1,pa,h5n1,C[N+](C)(C)CCCCCCCCCC[N+](C)(C)C.[Br-].[Br-],4.745,synthetic,round_synthetic
5451-09-2,pa_h5n1,pa,h5n1,Cl.NCC(=O)CCC(=O)O,4.039,synthetic,round_synthetic
54527-84-3,pa_h5n1,pa,h5n1,COC(=O)C1=C(C)NC(C)=C(C(=O)OCCN(C)Cc2ccccc2)C1c1cccc([N+](=O)[O-])c1.Cl,5.191,synthetic,round_synthetic
548-62-9,pa_h5n1,pa,h5n1,CN(C)c1ccc(C(=C2C=CC(=[N+](C)C)C=C2)c2ccc(N(C)C)cc2)cc1.[Cl-],5.39,synthetic,round_synthetic
548-73-2,pa_h5n1,pa,h5n1,O=C(CCCN1CC=C(n2c(=O)[nH]c3ccccc32)CC1)c1ccc(F)cc1,5.688,synthetic,round_synthetic
549-18-8,pa_h5n1,pa,h5n1,CN(C)CCC=C1c2ccccc2CCc2ccccc21.Cl,3.569,synthetic,round_synthetic
55-06-1,pa_h5n1,pa,h5n1,N[C@@H](Cc1cc(I)c(Oc2ccc(O)c(I)c2)c(I)c1)C(=O)[O-].[Na+],3.942,synthetic,round_synthetic
55-98-1,pa_h5n1,pa,h5n1,CS(=O)(=O)OCCCCOS(C)(=O)=O,4.179,synthetic,round_synthetic
550-99-2,pa_h5n1,pa,h5n1,Cl.c1ccc2c(CC3=NCCN3)cccc2c1,4.043,synthetic,round_synthetic
55079-83-9,pa_h5n1,pa,h5n1,COc1cc(C)c(/C=C/C(C)=C/C=C/C(C)=C/C(=O)O)c(C)c1C,3.976,synthetic,round_synthetic
55268-74-1,pa_h5n1,pa,h5n1,O=C(C1CCCCC1)N1CC(=O)N2CCc3ccccc3C2C1,3.447,synthetic,round_synthetic
553-08-2,pa_h5n1,pa,h5n1,CCCCCCCCCCCCCCCC[N+](C)(C)CCN(Cc1ccc(OC)cc1)c1ncccn1.[Br-],3.652,synthetic,round_synthetic
555-30-6,pa_h5n1,pa,h5n1,C[C@](N)(Cc1ccc(O)c(O)c1)C(=O)O,4.475,synthetic,round_synthetic
5593-20-4,pa_h5n1,pa,h5n1,CCC(=O)OCC(=O)[C@@]1(OC(=O)CC)[C@@H](C)C[C@H]2[C@@H]3CCC4=CC(=O)C=C[C@]4(C)[C@@]3(F)[C@@H](O)C[C@@]21C,3.52,synthetic,round_synthetic
56-85-9,pa_h5n1,pa,h5n1,NC(=O)CC[C@H](N)C(=O)O,3.426,synthetic,round_synthetic
56180-94-0,pa_h5n1,pa,h5n1,C[C@H]1O[C@H](O[C@H]2[C@H](O)[C@@H](O)[C@@H](O[C@@H]([C@H](O)[C@@H](O)C=O)[C@H](O)CO)O[C@@H]2CO)[C@H](O)[C@@H](O)[C@@H]1N[C@H]1C=C(CO)[C@@H](O)[C@H](O)[C@H]1O,4.153,synthetic,round_synthetic
56211-40-6,pa_h5n1,pa,h5n1,Cc1cccc(Nc2ccncc2S(=O)(=O)NC(=O)NC(C)C)c1,5.989,synthetic,round_synthetic
56296-78-7,pa_h5n1,pa,h5n1,CNCCC(Oc1ccc(C(F)(F)F)cc1)c1ccccc1.Cl,6.548,synthetic,round_synthetic
57-41-0,pa_h5n1,pa,h5n1,O=C1NC(=O)C(c2ccccc2)(c2ccccc2)N1,4.68,synthetic,round_synthetic
57-66-9,pa_h5n1,pa,h5n1,CCCN(CCC)S(=O)(=O)c1ccc(C(=O)O)cc1,5.93,synthetic,round_synthetic
57-68-1,pa_h5n1,pa,h5n1,Cc1cc(C)nc(NS(=O)(=O)c2ccc(N)cc2)n1,3.938,synthetic,round_synthetic
57248-88-1,pa_h5n1,pa,h5n1,NCCC(O)(P(=O)([O-])O)P(=O)([O-])O.[Na+].[Na+],4.034,synthetic,round_synthetic
57808-65-8,pa_h5n1,pa,h5n1,Cc1cc(C(C#N)c2ccc(Cl)cc2)c(Cl)cc1NC(=O)c1cc(I)cc(I)c1O,4.459,synthetic,round_synthetic
57852-57-0,pa_h5n1,pa,h5n1,CC(=O)[C@]1(O)Cc2c(O)c3c(c(O)c2[C@@H](O[C@H]2C[C@H](N)[C@H](O)[C@H](C)O2)C1)C(=O)c1ccccc1C3=O.Cl,4.669,synthetic,round_synthetic
5786-21-0,pa_h5n1,pa,h5n1,CN1CCN(C2=Nc3cc(Cl)ccc3Nc3ccccc32)CC1,6.085,synthetic,round_synthetic
58-56-0,pa_h5n1,pa,h5n1,Cc1ncc(CO)c(CO)c1O.Cl,4.261,synthetic,round_synthetic
58-61-7,pa_h5n1,pa,h5n1,Nc1ncnc2c1ncn2C1OC(CO)C(O)C1O,3.804,synthetic,round_synthetic
58-96-8,pa_h5n1,pa,h5n1,O=c1ccn([C@@H]2OC(CO)[C@H](O)C2O)c(=O)[nH]1,4.328,synthetic,round_synthetic
58579-51-4,pa_h5n1,pa,h5n1,Cl.O=C1CN2Cc3c(ccc(Cl)c3Cl)NC2=N1,4.289,synthetic,round_synthetic
5874-97-5,pa_h5n1,pa,h5n1,CC(C)NCC(O)c1cc(O)cc(O)c1.CC(C)NCC(O)c1cc(O)cc(O)c1.O=S(=O)(O)O,4.955,synthetic,round_synthetic
59-05-2,pa_h5n1,pa,h5n1,CN(Cc1cnc2nc(N)nc(N)c2n1)c1ccc(C(=O)N[C@@H](CCC(=O)O)C(=O)O)cc1,4.682,synthetic,round_synthetic
59-67-6,pa_h5n1,pa,h5n1,O=C(O)c1cccnc1,3.427,synthetic,round_synthetic
59-87-0,pa_h5n1,pa,h5n1,NC(=O)N/N=C/c1ccc([N+](=O)[O-])o1,4.098,synthetic,round_synthetic
590-63-6,pa_h5n1,pa,h5n1,CC(C[N+](C)(C)C)OC(N)=O.[Cl-],6.575,synthetic,round_synthetic
595-33-5,pa_h5n1,pa,h5n1,CC(=O)O[C@]1(C(C)=O)CC[C@H]2[C@@H]3C=C(C)C4=CC(=O)CC[C@]4(C)[C@H]3CC[C@@]21C,4.034,synthetic,round_synthetic
60-32-2,pa_h5n1,pa,h5n1,NCCCCCC(=O)O,4.557,synthetic,round_synthetic
60-56-0,pa_h5n1,pa,h5n1,Cn1ccnc1S,6.979,synthetic,round_synthetic
6018-19-5,pa_h5n1,pa,h5n1,Nc1ccc(C(=O)[O-])c(O)c1.O.O.[Na+],3.624,synthetic,round_synthetic
603-50-9,pa_h5n1,pa,h5n1,CC(=O)Oc1ccc(C(c2ccc(OC(C)=O)cc2)c2ccccn2)cc1,4.119,synthetic,round_synthetic
61-16-5,pa_h5n1,pa,h5n1,COc1ccc(OC)c(C(O)C(C)N)c1.Cl,3.691,synthetic,round_synthetic
61-76-7,pa_h5n1,pa,h5n1,CNCC(O)c1cccc(O)c1.Cl,3.441,synthetic,round_synthetic
61318-91-0,pa_h5n1,pa,h5n1,Clc1ccc(CSC(Cn2ccnc2)c2ccc(Cl)cc2Cl)cc1.O=[N+]([O-])O,4.328,synthetic,round_synthetic
61718-82-9,pa_h5n1,pa,h5n1,COCCCC/C(=N\OCCN)c1ccc(C(F)(F)F)cc1.O=C(O)/C=C\C(=O)O,4.702,synthetic,round_synthetic
61825-94-3,pa_h5n1,pa,h5n1,N[C@@H]1CCCC[C@H]1N.O=C1[O][Pt][O]C1=O,3.984,synthetic,round_synthetic
62-31-7,pa_h5n1,pa,h5n1,Cl.NCCc1ccc(O)c(O)c1,4.849,synthetic,round_synthetic
62-97-5,pa_h5n1,pa,h5n1,COS(=O)(=O)[O-].C[N+]1(C)CCC(=C(c2ccccc2)c2ccccc2)CC1,5.027,synthetic,round_synthetic
62013-04-1,pa_h5n1,pa,h5n1,CC[C@H]1OC(=O)[C@H](C)[C@@H](O[C@H]2C[C@@](C)(OC)[C@@H](O)[C@H](C)O2)[C@H](C)[C@@H](O[C@@H]2O[C@H](C)C[C@H](N(C)C)[C@H]2O)[C@](C)(O)C[C@@H](C)[C@@H]2N[C@@H](COCCOC)O[C@H]([C@H]2C)[C@]1(C)O,3.19,synthetic,round_synthetic
624-49-7,pa_h5n1,pa,h5n1,COC(=O)/C=C/C(=O)OC,4.662,synthetic,round_synthetic
62571-86-2,pa_h5n1,pa,h5n1,C[C@H](CS)C(=O)N1CCC[C@H]1C(=O)O,5.648,synthetic,round_synthetic
62893-19-0,pa_h5n1,pa,h5n1,CCN1CCN(C(=O)N[C@@H](C(=O)N[C@@H]2C(=O)N3C(C(=O)O)=C(CSc4nnnn4C)CS[C@H]23)c2ccc(O)cc2)C(=O)C1=O,3.787,synthetic,round_synthetic
63-45-6,pa_h5n1,pa,h5n1,COc1cc(NC(C)CCCN)c2ncccc2c1.O=P(O)(O)O.O=P(O)(O)O,3.969,synthetic,round_synthetic
63-74-1,pa_h5n1,pa,h5n1,Nc1ccc(S(N)(=O)=O)cc1,3.748,synthetic,round_synthetic
63-92-3,pa_h5n1,pa,h5n1,CC(COc1ccccc1)N(CCCl)Cc1ccccc1.Cl,5.33,synthetic,round_synthetic
635728-49-3,pa_h5n1,pa,h5n1,CC(C)CN(C[C@@H](O)[C@H](Cc1ccccc1)NC(=O)O[C@H]1CO[C@H]2OCC[C@H]21)S(=O)(=O)c1ccc(N)cc1.CCO,4.387,synthetic,round_synthetic
63659-19-8,pa_h5n1,pa,h5n1,CC(C)NCC(O)COc1ccc(CCOCC2CC2)cc1.Cl,4.361,synthetic,round_synthetic
64-75-5,pa_h5n1,pa,h5n1,CN(C)[C@@H]1C(O)=C(C(N)=O)C(=O)[C@@]2(O)C(O)=C3C(=O)c4c(O)cccc4[C@@](C)(O)[C@H]3C[C@@H]12.Cl,3.55,synthetic,round_synthetic
64-77-7,pa_h5n1,pa,h5n1,CCCCNC(=O)NS(=O)(=O)c1ccc(C)cc1,4.764,synthetic,round_synthetic
641571-10-0,pa_h5n1,pa,h5n1,Cc1cn(-c2cc(NC(=O)c3ccc(C)c(Nc4nccc(-c5cccnc5)n4)c3)cc(C(F)(F)F)c2)cn1,4.739,synthetic,round_synthetic
64228-81-5,pa_h5n1,pa,h5n1,COc1ccc(CC2c3cc(OC)c(OC)cc3CC[N+]2(C)CCC(=O)OCCCCCOC(=O)CC[N+]2(C)CCc3cc(OC)c(OC)cc3C2Cc2ccc(OC)c(OC)c2)cc1OC.O=S(=O)([O-])c1ccccc1.O=S(=O)([O-])c1ccccc1,4.64,synthetic,round_synthetic
64461-82-1,pa_h5n1,pa,h5n1,Cl.Clc1ccc2nsnc2c1NC1=NCCN1,4.064,synthetic,round_synthetic
645-05-6,pa_h5n1,pa,h5n1,CN(C)c1nc(N(C)C)nc(N(C)C)n1,4.904,synthetic,round_synthetic
64872-77-1,pa_h5n1,pa,h5n1,Clc1ccc(CCC(Cn2ccnc2)Sc2c(Cl)cccc2Cl)cc1.O=[N+]([O-])O,4.725,synthetic,round_synthetic
6493-05-6,pa_h5n1,pa,h5n1,CC(=O)CCCCn1c(=O)c2c(ncn2C)n(C)c1=O,4.717,synthetic,round_synthetic
65-28-1,pa_h5n1,pa,h5n1,CS(=O)(=O)O.Cc1ccc(N(CC2=NCCN2)c2cccc(O)c2)cc1,4.01,synthetic,round_synthetic
65-29-2,pa_h5n1,pa,h5n1,CC[N+](CC)(CC)CCOc1cccc(OCC[N+](CC)(CC)CC)c1OCC[N+](CC)(CC)CC.[I-].[I-].[I-],3.52,synthetic,round_synthetic
65277-42-1,pa_h5n1,pa,h5n1,CC(=O)N1CCN(c2ccc(OC[C@H]3CO[C@](Cn4ccnc4)(c4ccc(Cl)cc4Cl)O3)cc2)CC1,5.225,synthetic,round_synthetic
65473-14-5,pa_h5n1,pa,h5n1,CN(C/C=C/c1ccccc1)Cc1cccc2ccccc12.Cl,4.21,synthetic,round_synthetic
65928-58-7,pa_h5n1,pa,h5n1,CC12CCC3=C4CCC(=O)C=C4CCC3C1CCC2(O)CC#N,4.903,synthetic,round_synthetic
66085-59-4,pa_h5n1,pa,h5n1,COCCOC(=O)C1=C(C)NC(C)=C(C(=O)OC(C)C)C1c1cccc([N+](=O)[O-])c1,4.078,synthetic,round_synthetic
66104-23-2,pa_h5n1,pa,h5n1,CCCN1C[C@H](CSC)C[C@@H]2c3cccc4[nH]cc(c34)C[C@H]21.CS(=O)(=O)O,5.223,synthetic,round_synthetic
66357-59-3,pa_h5n1,pa,h5n1,CN/C(=C/[N+](=O)[O-])NCCSCc1ccc(CN(C)C)o1.Cl,4.174,synthetic,round_synthetic
668270-12-0,pa_h5n1,pa,h5n1,CC#CCn1c(N2CCC[C@@H](N)C2)nc2c1c(=O)n(Cc1nc(C)c3ccccc3n1)c(=O)n2C,5.649,synthetic,round_synthetic
67-03-8,pa_h5n1,pa,h5n1,Cc1ncc(C[n+]2csc(CCO)c2C)c(N)n1.Cl.[Cl-],4.529,synthetic,round_synthetic
67-48-1,pa_h5n1,pa,h5n1,C[N+](C)(C)CCO.[Cl-],4.552,synthetic,round_synthetic
67-73-2,pa_h5n1,pa,h5n1,CC1(C)O[C@@H]2C[C@H]3[C@@H]4C[C@H](F)C5=CC(=O)C=C[C@]5(C)[C@@]4(F)[C@@H](O)C[C@]3(C)[C@]2(C(=O)CO)O1,5.489,synthetic,round_synthetic
67-92-5,pa_h5n1,pa,h5n1,CCN(CC)CCOC(=O)C1(C2CCCCC2)CCCCC1.Cl,4.82,synthetic,round_synthetic
68-35-9,pa_h5n1,pa,h5n1,Nc1ccc(S(=O)(=O)Nc2ncccn2)cc1,4.188,synthetic,round_synthetic
68-41-7,pa_h5n1,pa,h5n1,N[C@@H]1CONC1=O,3.931,synthetic,round_synthetic
68291-97-4,pa_h5n1,pa,h5n1,NS(=O)(=O)Cc1noc2ccccc12,4.189,synthetic,round_synthetic
68373-14-8,pa_h5n1,pa,h5n1,CC1(C)C(C(=O)[O-])N2C(=O)C[C@H]2S1(=O)=O.[Na+],3.796,synthetic,round_synthetic
69-52-3,pa_h5n1,pa,h5n1,CC1(C)SC2C(NC(=O)C(N)c3ccccc3)C(=O)N2C1C(=O)[O-].[Na+],6.197,synthetic,round_synthetic
697761-98-1,pa_h5n1,pa,h5n1,COc1cc2c(cc1Cc1cccc(Cl)c1F)c(=O)c(C(=O)O)cn2C(CO)C(C)C,4.601,synthetic,round_synthetic
70024-40-7,pa_h5n1,pa,h5n1,COc1cc2nc(N3CCN(C(=O)C4CCCO4)CC3)nc(N)c2cc1OC.Cl.O.O,3.987,synthetic,round_synthetic
70288-86-7,pa_h5n1,pa,h5n1,CC[C@@H](C)[C@H]1O[C@]2(CC[C@@H]1C)C[C@@H]1C[C@@H](C/C=C(\C)[C@@H](O[C@H]3C[C@H](OC)[C@@H](O[C@H]4C[C@H](OC)[C@@H](O)[C@H](C)O4)[C@H](C)O3)[C@@H](C)/C=C/C=C3\CO[C@@H]4[C@H](O)C(C)=C[C@@H](C(=O)O1)[C@]34O)O2.CO[C@H]1C[C@H](O[C@H]2[C@H](C)O[C@@H](O[C@@H]3/C(C)=C/C[C@@H]4C[C@@H](C[C@]5(CC[C@H](C)[C@@H](C(C)C)O5)O4)OC(=O)[C@@H]4C=C(C)[C@@H](O)[C@H]5OC/C(=C\C=C\[C@@H]3C)[C@]54O)C[C@@H]2OC)O[C@@H](C)[C@@H]1O,4.457,synthetic,round_synthetic
70458-96-7,pa_h5n1,pa,h5n1,CCn1cc(C(=O)O)c(=O)c2cc(F)c(N3CCNCC3)cc21,5.711,synthetic,round_synthetic
70476-82-3,pa_h5n1,pa,h5n1,Cl.Cl.O=C1c2c(O)ccc(O)c2C(=O)c2c(NCCNCCO)ccc(NCCNCCO)c21,5.264,synthetic,round_synthetic
7081-44-9,pa_h5n1,pa,h5n1,Cc1onc(-c2ccccc2Cl)c1C(=O)N[C@@H]1C(=O)N2[C@@H]1SC(C)(C)[C@@H]2C(=O)[O-].O.[Na+],4.625,synthetic,round_synthetic
7081-53-0,pa_h5n1,pa,h5n1,CCN1CC(CCN2CCOCC2)C(c2ccccc2)(c2ccccc2)C1=O.Cl,4.465,synthetic,round_synthetic
71-58-9,pa_h5n1,pa,h5n1,CC(=O)O[C@]1(C(C)=O)CC[C@H]2[C@@H]3C[C@H](C)C4=CC(=O)CC[C@]4(C)[C@H]3CC[C@@]21C,5.673,synthetic,round_synthetic
71675-85-9,pa_h5n1,pa,h5n1,CCN1CCCC1CNC(=O)c1cc(S(=O)(=O)CC)c(N)cc1OC,5.064,synthetic,round_synthetic
72-14-0,pa_h5n1,pa,h5n1,Nc1ccc(S(=O)(=O)Nc2nccs2)cc1,5.106,synthetic,round_synthetic
72-33-3,pa_h5n1,pa,h5n1,C#CC1(O)CCC2C3CCc4cc(OC)ccc4C3CCC21C,4.442,synthetic,round_synthetic
721-50-6,pa_h5n1,pa,h5n1,CCCNC(C)C(=O)Nc1ccccc1C,3.572,synthetic,round_synthetic
723-46-6,pa_h5n1,pa,h5n1,Cc1cc(NS(=O)(=O)c2ccc(N)cc2)no1,4.54,synthetic,round_synthetic
72432-03-2,pa_h5n1,pa,h5n1,OCCN1C[C@H](O)[C@@H](O)[C@H](O)[C@H]1CO,3.824,synthetic,round_synthetic
72559-06-9,pa_h5n1,pa,h5n1,CO[C@H]1/C=C\O[C@@]2(C)Oc3c(C)c(O)c4c(c3C2=O)C2=NC3(CCN(CC(C)C)CC3)NC2=C(NC(=O)/C(C)=C\C=C/[C@H](C)[C@H](O)[C@@H](C)[C@@H](O)[C@@H](C)[C@H](OC(C)=O)[C@@H]1C)C4=O,3.035,synthetic,round_synthetic
7279-75-6,pa_h5n1,pa,h5n1,CCC(NC(C)C)C(O)c1ccc(O)c(O)c1.CS(=O)(=O)O,4.241,synthetic,round_synthetic
73590-58-6,pa_h5n1,pa,h5n1,COc1ccc2nc(S(=O)Cc3ncc(C)c(OC)c3C)[nH]c2c1,4.517,synthetic,round_synthetic
738-70-5,pa_h5n1,pa,h5n1,COc1cc(Cc2cnc(N)nc2N)cc(OC)c1OC,5.058,synthetic,round_synthetic
73816-42-9,pa_h5n1,pa,h5n1,C=C1c2c(Cl)ccc(O)c2C(=O)C2=C(O)[C@]3(O)C(=O)C(C(N)=O)=C(O)[C@@H](N(C)C)[C@@H]3[C@@H](O)[C@H]12.O=C(O)c1cc(S(=O)(=O)O)ccc1O,4.541,synthetic,round_synthetic
73963-72-1,pa_h5n1,pa,h5n1,O=C1CCc2cc(OCCCCc3nnnn3C3CCCCC3)ccc2N1,3.91,synthetic,round_synthetic
74011-58-8,pa_h5n1,pa,h5n1,CCn1cc(C(=O)O)c(=O)c2cc(F)c(N3CCNCC3)nc21,4.255,synthetic,round_synthetic
745-65-3,pa_h5n1,pa,h5n1,CCCCC[C@H](O)/C=C/[C@H]1[C@H](O)CC(=O)[C@@H]1CCCCCCC(=O)O,4.703,synthetic,round_synthetic
74863-84-6,pa_h5n1,pa,h5n1,CC1CNc2c(cccc2S(=O)(=O)N[C@@H](CCCNC(=N)N)C(=O)N2CC[C@@H](C)C[C@@H]2C(=O)O)C1,4.504,synthetic,round_synthetic
753498-25-8,pa_h5n1,pa,h5n1,CCc1cc2c(cc1CC)CC(NC[C@H](O)c1ccc(O)c3[nH]c(=O)ccc13)C2.O=C(O)/C=C\C(=O)O,5.879,synthetic,round_synthetic
75607-67-9,pa_h5n1,pa,h5n1,Nc1nc(F)nc2c1ncn2[C@@H]1O[C@H](COP(=O)(O)O)[C@@H](O)[C@@H]1O,4.806,synthetic,round_synthetic
75695-93-1,pa_h5n1,pa,h5n1,COC(=O)C1=C(C)NC(C)=C(C(=O)OC(C)C)C1c1cccc2nonc12,5.594,synthetic,round_synthetic
75706-12-6,pa_h5n1,pa,h5n1,Cc1oncc1C(=O)Nc1ccc(C(F)(F)F)cc1,4.338,synthetic,round_synthetic
76-90-4,pa_h5n1,pa,h5n1,C[N+]1(C)CCCC(OC(=O)C(O)(c2ccccc2)c2ccccc2)C1.[Br-],4.482,synthetic,round_synthetic
7681-93-8,pa_h5n1,pa,h5n1,C[C@@H]1C/C=C/C=C/C=C/C=C/[C@H](O[C@@H]2O[C@H](C)[C@@H](O)[C@H](N)[C@@H]2O)C[C@@H]2O[C@](O)(C[C@@H](O)C[C@H]3O[C@@H]3/C=C/C(=O)O1)C[C@H](O)[C@H]2C(=O)O,4.711,synthetic,round_synthetic
76824-35-6,pa_h5n1,pa,h5n1,N=C(N)Nc1nc(CSCCC(=N)NS(N)(=O)=O)cs1,4.982,synthetic,round_synthetic
77-86-1,pa_h5n1,pa,h5n1,NC(CO)(CO)CO,5.935,synthetic,round_synthetic
77883-43-3,pa_h5n1,pa,h5n1,COc1cc2nc(N3CCN(C(=O)C4COc5ccccc5O4)CC3)nc(N)c2cc1OC.CS(=O)(=O)O,4.4,synthetic,round_synthetic
78110-38-0,pa_h5n1,pa,h5n1,C[C@H]1[C@H](NC(=O)/C(=N\OC(C)(C)C(=O)O)c2csc(N)n2)C(=O)N1S(=O)(=O)O,3.615,synthetic,round_synthetic
78246-49-8,pa_h5n1,pa,h5n1,Cl.Fc1ccc([C@@H]2CCNC[C@H]2COc2ccc3c(c2)OCO3)cc1,4.686,synthetic,round_synthetic
78415-72-2,pa_h5n1,pa,h5n1,Cc1[nH]c(=O)c(C#N)cc1-c1ccncc1,4.039,synthetic,round_synthetic
79-57-2,pa_h5n1,pa,h5n1,CN(C)[C@@H]1C(O)=C(C(N)=O)C(=O)[C@@]2(O)C(O)=C3C(=O)c4c(O)cccc4[C@@](C)(O)[C@H]3[C@H](O)[C@@H]12,5.291,synthetic,round_synthetic
79307-93-0,pa_h5n1,pa,h5n1,CN1CCCC(n2nc(Cc3ccc(Cl)cc3)c3ccccc3c2=O)CC1.Cl,5.805,synthetic,round_synthetic
79559-97-0,pa_h5n1,pa,h5n1,CN[C@H]1CC[C@@H](c2ccc(Cl)c(Cl)c2)c2ccccc21.Cl,5.509,synthetic,round_synthetic
797-63-7,pa_h5n1,pa,h5n1,C#C[C@@]1(O)CC[C@H]2[C@@H]3CCC4=CC(=O)CC[C@@H]4[C@@H]3CC[C@@]21CC,5.544,synthetic,round_synthetic
79794-75-5,pa_h5n1,pa,h5n1,CCOC(=O)N1CCC(=C2c3ccc(Cl)cc3CCc3cccnc32)CC1,4.812,synthetic,round_synthetic
79902-63-9,pa_h5n1,pa,h5n1,CCC(C)(C)C(=O)O[C@H]1C[C@@H](C)C=C2C=C[C@H](C)[C@H](CC[C@@H]3C[C@@H](O)CC(=O)O3)[C@H]21,4.862,synthetic,round_synthetic
80-50-2,pa_h5n1,pa,h5n1,CCCC(CCC)C(=O)O[C@H]1C[C@H]2CC[C@@H](C1)[N+]2(C)C.[Br-],4.105,synthetic,round_synthetic
80-77-3,pa_h5n1,pa,h5n1,CN1C(=O)CCS(=O)(=O)C1c1ccc(Cl)cc1,4.128,synthetic,round_synthetic
81403-68-1,pa_h5n1,pa,h5n1,COc1cc2nc(N(C)CCCNC(=O)C3CCCO3)nc(N)c2cc1OC.Cl,4.503,synthetic,round_synthetic
82034-46-6,pa_h5n1,pa,h5n1,CCOC(=O)O[C@]1(C(=O)OCCl)CC[C@H]2[C@@H]3CCC4=CC(=O)C=C[C@]4(C)[C@H]3[C@@H](O)C[C@@]21C,5.239,synthetic,round_synthetic
82586-52-5,pa_h5n1,pa,h5n1,CCOC(=O)[C@H](CCc1ccccc1)N[C@@H](C)C(=O)N1Cc2cc(OC)c(OC)cc2C[C@H]1C(=O)O.Cl,3.437,synthetic,round_synthetic
82586-55-8,pa_h5n1,pa,h5n1,CCOC(=O)[C@H](CCc1ccccc1)N[C@@H](C)C(=O)N1Cc2ccccc2C[C@H]1C(=O)O.Cl,4.533,synthetic,round_synthetic
82640-04-8,pa_h5n1,pa,h5n1,Cl.O=C(c1ccc(OCCN2CCCCC2)cc1)c1c(-c2ccc(O)cc2)sc2cc(O)ccc12,5.109,synthetic,round_synthetic
83-12-5,pa_h5n1,pa,h5n1,O=C1c2ccccc2C(=O)C1c1ccccc1,3.213,synthetic,round_synthetic
83-43-2,pa_h5n1,pa,h5n1,C[C@H]1C[C@@H]2[C@H]([C@@H](O)C[C@@]3(C)[C@H]2CC[C@]3(O)C(=O)CO)[C@@]2(C)C=CC(=O)C=C12,3.905,synthetic,round_synthetic
83-88-5,pa_h5n1,pa,h5n1,Cc1cc2nc3c(=O)[nH]c(=O)nc-3n(CC(O)C(O)C(O)CO)c2cc1C,5.612,synthetic,round_synthetic
83915-83-7,pa_h5n1,pa,h5n1,NCCCC[C@H](N[C@@H](CCc1ccccc1)C(=O)O)C(=O)N1CCC[C@H]1C(=O)O.O.O,4.237,synthetic,round_synthetic
84371-65-3,pa_h5n1,pa,h5n1,CC#CC1(O)CCC2C3CCC4=CC(=O)CCC4=C3C(c3ccc(N(C)C)cc3)CC21C,4.201,synthetic,round_synthetic
849217-68-1,pa_h5n1,pa,h5n1,COc1cc2nccc(Oc3ccc(NC(=O)C4(C(=O)Nc5ccc(F)cc5)CC4)cc3)c2cc1OC,5.7,synthetic,round_synthetic
85371-64-8,pa_h5n1,pa,h5n1,CC(N/C(=N\C#N)Nc1ccncc1)C(C)(C)C.O,4.86,synthetic,round_synthetic
85622-93-1,pa_h5n1,pa,h5n1,Cn1nnc2c(C(N)=O)ncn2c1=O,4.954,synthetic,round_synthetic
85650-56-2,pa_h5n1,pa,h5n1,CN1C[C@H]2c3ccccc3Oc3ccc(Cl)cc3[C@@H]2C1.O=C(O)/C=C\C(=O)O,4.463,synthetic,round_synthetic
859-18-7,pa_h5n1,pa,h5n1,CCC[C@@H]1C[C@@H](C(=O)N[C@@H]([C@H]2O[C@H](SC)[C@H](O)[C@@H](O)[C@H]2O)[C@@H](C)O)N(C)C1.Cl,4.635,synthetic,round_synthetic
863031-21-4,pa_h5n1,pa,h5n1,CCOc1nc2cccc(C(=O)OCc3oc(=O)oc3C)c2n1Cc1ccc(-c2ccccc2-c2noc(=O)[nH]2)cc1,4.183,synthetic,round_synthetic
873857-62-6,pa_h5n1,pa,h5n1,CCc1c(Cl)c(O)c(Cl)c(O)c1C(=O)O[C@H]1[C@H](O)[C@H](OC)[C@H](OC/C2=C\C=C\C[C@H](O)/C(C)=C/[C@H](CC)[C@@H](O[C@@H]3OC(C)(C)[C@@H](OC(=O)C(C)C)[C@H](O)[C@@H]3O)/C(C)=C/C(C)=C/C[C@@H]([C@@H](C)O)OC2=O)O[C@@H]1C,4.357,synthetic,round_synthetic
877399-52-5,pa_h5n1,pa,h5n1,C[C@@H](Oc1cc(-c2cnn(C3CCNCC3)c2)cnc1N)c1c(Cl)ccc(F)c1Cl,3.784,synthetic,round_synthetic
879085-55-9,pa_h5n1,pa,h5n1,CS(=O)(=O)c1ccc(C(=O)Nc2ccc(Cl)c(-c3ccccn3)c2)c(Cl)c1,3.968,synthetic,round_synthetic
880149-29-1,pa_h5n1,pa,h5n1,O=C([O-])CC([O-])(CC(=O)[O-])C(=O)[O-].O=C([O-])CC([O-])(CC(=O)[O-])C(=O)[O-].[Bi+3].[K+].[K+].[K+].[K+].[K+],5.139,synthetic,round_synthetic
88150-42-9,pa_h5n1,pa,h5n1,CCOC(=O)C1=C(COCCN)NC(C)=C(C(=O)OC)C1c1ccccc1Cl.O=S(=O)(O)c1ccccc1,7.323,synthetic,round_synthetic
88889-14-9,pa_h5n1,pa,h5n1,CCC(=O)OC(OP(=O)(CCCCc1ccccc1)CC(=O)N1C[C@H](C2CCCCC2)C[C@H]1C(=O)[O-])C(C)C.[Na+],3.866,synthetic,round_synthetic
89-25-8,pa_h5n1,pa,h5n1,CC1=NN(c2ccccc2)C(=O)C1,4.113,synthetic,round_synthetic
90357-06-5,pa_h5n1,pa,h5n1,CC(O)(CS(=O)(=O)c1ccc(F)cc1)C(=O)Nc1ccc(C#N)c(C(F)(F)F)c1,5.306,synthetic,round_synthetic
91374-20-8,pa_h5n1,pa,h5n1,CCCN(CCC)CCc1cccc2c1CC(=O)N2.Cl,4.375,synthetic,round_synthetic
91832-40-5,pa_h5n1,pa,h5n1,C=CC1=C(C(=O)O)N2C(=O)[C@@H](NC(=O)/C(=N\O)c3csc(N)n3)[C@H]2SC1,5.022,synthetic,round_synthetic
936563-96-1,pa_h5n1,pa,h5n1,C=CC(=O)N1CCC[C@@H](n2nc(-c3ccc(Oc4ccccc4)cc3)c3c(N)ncnc32)C1,5.343,synthetic,round_synthetic
93793-83-0,pa_h5n1,pa,h5n1,CC(=O)OCC(=O)NCCCOc1cccc(CN2CCCCC2)c1.Cl,3.749,synthetic,round_synthetic
93957-55-2,pa_h5n1,pa,h5n1,CC(C)n1c(/C=C/[C@@H](O)C[C@@H](O)CC(=O)[O-])c(-c2ccc(F)cc2)c2ccccc21.[Na+],3.717,synthetic,round_synthetic
941678-49-5,pa_h5n1,pa,h5n1,N#CC[C@H](C1CCCC1)n1cc(-c2ncnc3[nH]ccc23)cn1,5.341,synthetic,round_synthetic
95-25-0,pa_h5n1,pa,h5n1,O=c1[nH]c2cc(Cl)ccc2o1,4.085,synthetic,round_synthetic
95635-55-5,pa_h5n1,pa,h5n1,COc1ccccc1OCC(O)CN1CCN(CC(=O)Nc2c(C)cccc2C)CC1,4.373,synthetic,round_synthetic
96829-58-2,pa_h5n1,pa,h5n1,CCCCCCCCCCC[C@@H](C[C@@H]1OC(=O)[C@H]1CCCCCC)OC(=O)[C@H](CC(C)C)NC=O,3.611,synthetic,round_synthetic
97-77-8,pa_h5n1,pa,h5n1,CCN(CC)C(=S)SSC(=S)N(CC)CC,4.424,synthetic,round_synthetic
97240-79-4,pa_h5n1,pa,h5n1,CC1(C)O[C@@H]2[C@@H](CO[C@@]3(COS(N)(=O)=O)OC(C)(C)O[C@@H]23)O1,4.622,synthetic,round_synthetic
99300-78-4,pa_h5n1,pa,h5n1,COc1ccc(C(CN(C)C)C2(O)CCCCC2)cc1.Cl,4.167,synthetic,round_synthetic
99592-39-9,pa_h5n1,pa,h5n1,Clc1ccc(C(Cn2ccnc2)OCc2csc3c(Cl)cccc23)c(Cl)c1.O=[N+]([O-])O,4.559,synthetic,round_synthetic
