compound_id,target_id,target_class,target_family,strain,isomeric_smiles,label_pkd,glidesp_pr,pignet2_pr,ligunity_pr,boltz2_pr,balm_pr,mammal_pr,label_source,round_id
68-19-9,furin,Furin,host,,CC1=C2N[C@@](C)([C@@H]3N=C(/C(C)=C4\N=C(/C=C5\N=C1[C@@](C)(CC(N)=O)[C@@H]5CCC(N)=O)C(C)(C)[C@@H]4CCC(N)=O)[C@](C)(CCC(=O)NC[C@@H](C)OP(=O)([O-])O[C@H]1[C@@H](O)[C@@H](n4cnc5cc(C)c(C)cc54)O[C@@H]1CO)[C@H]3CC(N)=O)[C@@](C)(CC(N)=O)[C@@H]2CCC(N)=O,3.474,0.9808,0.4331,0.4856,0.7037,0.3137,0.138,synthetic,round_0
70476-82-3,furin,Furin,host,,O=C1c2c(O)ccc(O)c2C(=O)c2c(NCC[NH2+]CCO)ccc(NCC[NH2+]CCO)c21,4.426,0.9962,0.5944,0.0923,0.658,0.3928,0.0954,synthetic,round_0
1405-89-6,furin,Furin,host,,CC[C@@H](C)[C@@H](N)C1=NC[C@H](C(=O)N[C@@H](CC(C)C)C(=O)N[C@H](CCC(=O)[O-])C(=O)N[C@H](C(=O)N[C@H]2CCCCNC(=O)[C@H](CC(N)=O)NC(=O)[C@@H](CC(=O)[O-])NC(=O)[C@H](Cc3cnc[nH]3)NC(=O)[C@@H](Cc3ccccc3)NC(=O)[C@H]([C@@H](C)CC)NC(=O)[C@@H](CCC[NH3+])NC2=O)[C@@H](C)CC)S1,4.207,0.8585,0.999,0.8388,0.8528,0.4483,0.6799,synthetic,round_0
179463-17-3,furin,Furin,host,,CC[C@@H](C)C[C@H](C)CCCCCCCCC(=O)N[C@H]1C[C@@H](O)[C@@H](NCC[NH3+])NC(=O)[C@@H]2[C@@H](O)CCN2C(=O)[C@H]([C@H](O)CC[NH3+])NC(=O)[C@H]([C@@H](O)[C@H](O)c2ccc(O)cc2)NC(=O)[C@@H]2C[C@@H](O)CN2C(=O)[C@H]([C@@H](C)O)NC1=O,3.884,0.8593,0.9955,0.485,0.6588,0.071,0.2543,synthetic,round_0
83-88-5,furin,Furin,host,,Cc1cc2nc3c(=O)[nH]c(=O)nc-3n(C[C@H](O)[C@@H](O)[C@H](O)CO)c2cc1C,5.094,0.9184,0.9867,0.897,0.7576,0.312,0.8712,synthetic,round_0
152520-56-4,furin,Furin,host,,O[C@@H](C[NH2+]C[C@H](O)[C@@H]1CCc2cc(F)ccc2O1)[C@@H]1CCc2cc(F)ccc2O1,3.88,0.7725,0.8053,0.2017,0.4516,0.0533,0.0251,synthetic,round_0
1264-72-8,furin,Furin,host,,CC[C@@H](C)CCCC(=O)N[C@@H](CC[NH3+])C(=O)N[C@H](C(=O)N[C@@H](CC[NH3+])C(=O)N[C@H]1CCNC(=O)[C@H]([C@@H](C)O)NC(=O)[C@H](CC[NH3+])NC(=O)[C@H](CC[NH3+])NC(=O)[C@H](CC(C)C)NC(=O)[C@@H](CC(C)C)NC(=O)[C@H](CC[NH3+])NC1=O)[C@@H](C)O,3.551,0.6401,0.3442,0.8088,0.5383,0.0319,0.005,synthetic,round_0
99592-39-9,furin,Furin,host,,Clc1ccc([C@@H](Cn2cc[nH+]c2)OCc2csc3c(Cl)cccc23)c(Cl)c1,4.141,0.8713,0.7321,0.5998,0.3775,0.2483,0.6414,synthetic,round_0
79307-93-0,furin,Furin,host,,C[N@H+]1CCC[C@H](n2nc(Cc3ccc(Cl)cc3)c3ccccc3c2=O)CC1,4.594,0.7322,0.9425,0.8476,0.565,0.6957,0.3875,synthetic,round_0
402957-28-2,furin,Furin,host,,CCC[C@H](NC(=O)[C@@H]1[C@H]2CCC[C@H]2CN1C(=O)[C@@H](NC(=O)[C@@H](NC(=O)c1cnccn1)C1CCCCC1)C(C)(C)C)C(=O)C(=O)NC1CC1,4.339,0.9755,0.8893,0.8788,0.8482,0.6699,0.9067,synthetic,round_0
22916-47-8,furin,Furin,host,,Clc1ccc(CO[C@@H](Cn2cc[nH+]c2)c2ccc(Cl)cc2Cl)c(Cl)c1,5.721,0.5277,0.8233,0.7397,0.7789,0.1393,0.498,synthetic,round_0
83915-83-7,furin,Furin,host,,[NH3+]CCCC[C@H]([NH2+][C@@H](CCc1ccccc1)C(=O)[O-])C(=O)N1CCC[C@H]1C(=O)[O-],4.203,0.9277,0.9084,0.2035,0.8518,0.108,0.1947,synthetic,round_0
14028-44-5,furin,Furin,host,,Clc1ccc2c(c1)C(N1CC[NH2+]CC1)=Nc1ccccc1O2,4.337,0.508,0.9279,0.7087,0.602,0.6471,0.4756,synthetic,round_0
439081-18-2,furin,Furin,host,,C[NH+](C)C/C=C/C(=O)Nc1cc2c(Nc3ccc(F)c(Cl)c3)ncnc2cc1O[C@H]1CCOC1,5.802,0.8466,0.8666,0.8719,0.7318,0.8912,0.9837,synthetic,round_0
548-73-2,furin,Furin,host,,O=C(CCC[N@@H+]1CC=C(n2c(=O)[nH]c3ccccc32)CC1)c1ccc(F)cc1,4.762,0.7863,0.3717,0.4146,0.6421,0.5044,0.2803,synthetic,round_0
849217-68-1,furin,Furin,host,,COc1cc2[nH+]ccc(Oc3ccc(NC(=O)C4(C(=O)Nc5ccc(F)cc5)CC4)cc3)c2cc1OC,4.524,0.0161,0.0863,0.6163,0.674,0.1155,0.2463,synthetic,round_0
753498-25-8,furin,Furin,host,,CCc1cc2c(cc1CC)CC([NH2+]C[C@H](O)c1ccc(O)c3[nH]c(=O)ccc13)C2,4.778,0.9833,0.9984,0.8765,0.9704,0.206,0.4037,synthetic,round_0
56390-09-1,furin,Furin,host,,COc1cccc2c1C(=O)c1c(O)c3c(c(O)c1C2=O)C[C@@](O)(C(=O)CO)C[C@@H]3O[C@H]1C[C@H]([NH3+])[C@@H](O)[C@H](C)O1,6.008,0.9713,0.993,0.968,0.8865,0.6336,0.6195,synthetic,round_0
5370-01-4,furin,Furin,host,,Cc1cccc(C)c1OC[C@@H](C)[NH3+],7.048,0.9973,0.999,0.999,0.9889,0.7912,0.8755,synthetic,round_0
90357-06-5,furin,Furin,host,,C[C@](O)(CS(=O)(=O)c1ccc(F)cc1)C(=O)Nc1ccc(C#N)c(C(F)(F)F)c1,4.369,0.7768,0.7644,0.6969,0.6267,0.4873,0.2987,synthetic,round_0
107007-99-8,furin,Furin,host,,Cn1nc(C(=O)N[C@H]2C[C@H]3CCC[C@@H](C2)[N@@H+]3C)c2ccccc21,6.025,0.9291,0.5963,0.5085,0.7278,0.8365,0.9655,synthetic,round_0
64872-77-1,furin,Furin,host,,Clc1ccc(CC[C@H](Cn2cc[nH+]c2)Sc2c(Cl)cccc2Cl)cc1,4.284,0.8933,0.966,0.999,0.9829,0.596,0.4192,synthetic,round_0
5786-21-0,furin,Furin,host,,C[NH+]1CCN(C2=Nc3cc(Cl)ccc3Nc3ccccc32)CC1,4.981,0.8151,0.562,0.5091,0.572,0.9524,0.1704,synthetic,round_0
101827-46-7,furin,Furin,host,,C[N@H+](Cc1ccc(C(C)(C)C)cc1)Cc1cccc2ccccc12,4.513,0.1096,0.0734,0.4407,0.1847,0.5113,0.5338,synthetic,round_0
99614-01-4,furin,Furin,host,,Cc1[nH+]ccn1C[C@H]1CCc2c(c3ccccc3n2C)C1=O,4.873,0.9914,0.8701,0.7762,0.8351,0.0678,0.6358,synthetic,round_0
113-59-7,furin,Furin,host,,C[NH+](C)CC/C=C1/c2ccccc2Sc2ccc(Cl)cc21,4.566,0.8527,0.6802,0.1084,0.0802,0.4012,0.0334,synthetic,round_0
56296-78-7,furin,Furin,host,,C[NH2+]CC[C@@H](Oc1ccc(C(F)(F)F)cc1)c1ccccc1,4.706,0.0707,0.5449,0.2158,0.469,0.8255,0.8721,synthetic,round_0
50357-45-4,furin,Furin,host,,NC(=[NH2+])c1ccc(OCCCCCOc2ccc(C(N)=[NH2+])cc2)cc1,5.356,0.7468,0.9224,0.9414,0.8524,0.8968,0.5685,synthetic,round_0
122883-93-6,furin,Furin,host,,O=C1Cc2cc(CC[NH+]3CCN(c4nsc5ccccc45)CC3)c(Cl)cc2N1,4.621,0.4761,0.2868,0.5028,0.8996,0.1551,0.3896,synthetic,round_0
668270-12-0,furin,Furin,host,,CC#CCn1c(N2CCC[C@@H]([NH3+])C2)nc2c1c(=O)n(Cc1nc(C)c3ccccc3n1)c(=O)n2C,4.299,0.879,0.9173,0.7454,0.7654,0.8932,0.3619,synthetic,round_0
34183-22-7,furin,Furin,host,,CCC[NH2+]C[C@@H](O)COc1ccccc1C(=O)CCc1ccccc1,5.181,0.999,0.9933,0.9453,0.9191,0.2044,0.1195,synthetic,round_0
32986-56-4,furin,Furin,host,,[NH3+]C[C@H]1O[C@H](O[C@H]2[C@H](O)[C@@H](O[C@H]3O[C@H](CO)[C@@H](O)[C@H]([NH3+])[C@H]3O)[C@H]([NH3+])C[C@@H]2[NH3+])[C@H]([NH3+])C[C@@H]1O,5.184,0.1438,0.677,0.912,0.6334,0.0076,0.011,synthetic,round_0
179324-69-7,furin,Furin,host,,CC(C)C[C@H](NC(=O)[C@H](Cc1ccccc1)NC(=O)c1cnccn1)B(O)O,4.381,0.9398,0.8487,0.6,0.7617,0.1186,0.0795,synthetic,round_0
2030-63-9,furin,Furin,host,,CC(C)/[NH+]=c1\cc2n(-c3ccc(Cl)cc3)c3ccccc3nc-2cc1Nc1ccc(Cl)cc1,4.729,0.5661,0.5676,0.5984,0.7629,0.1494,0.5275,synthetic,round_0
155213-67-5,furin,Furin,host,,CC(C)c1nc(CN(C)C(=O)N[C@H](C(=O)N[C@@H](Cc2ccccc2)C[C@H](O)[C@H](Cc2ccccc2)NC(=O)OCc2cncs2)C(C)C)cs1,4.97,0.3866,0.6623,0.6106,0.8133,0.9504,0.3238,synthetic,round_0
163222-33-1,furin,Furin,host,,O=C1[C@H](CC[C@H](O)c2ccc(F)cc2)[C@@H](c2ccc(O)cc2)N1c1ccc(F)cc1,5.896,0.9722,0.9482,0.9964,0.9949,0.3123,0.4931,synthetic,round_0
132539-06-1,furin,Furin,host,,Cc1cc2c(s1)Nc1ccccc1N=C2N1CC[NH+](C)CC1,4.002,0.8609,0.7583,0.0569,0.0241,0.3721,0.1271,synthetic,round_0
32672-69-8,furin,Furin,host,,C[N@H+]1CCCC[C@@H]1CCN1c2ccccc2Sc2ccc([S@@](C)=O)cc21,4.339,0.6791,0.7578,0.7635,0.712,0.6388,0.0863,synthetic,round_0
229975-97-7,furin,Furin,host,,COC(=O)N[C@H](C(=O)N[C@@H](Cc1ccccc1)[C@@H](O)CN(Cc1ccc(-c2ccccn2)cc1)NC(=O)[C@@H](NC(=O)OC)C(C)(C)C)C(C)(C)C,4.095,0.91,0.8014,0.9447,0.863,0.4281,0.2896,synthetic,round_0
79559-97-0,furin,Furin,host,,C[NH2+][C@H]1CC[C@@H](c2ccc(Cl)c(Cl)c2)c2ccccc21,4.058,0.7826,0.8445,0.682,0.8572,0.5153,0.8826,synthetic,round_0
274693-27-5,furin,Furin,host,,CCCSc1nc(N[C@@H]2C[C@H]2c2ccc(F)c(F)c2)c2nnn([C@@H]3C[C@H](OCCO)[C@@H](O)[C@H]3O)c2n1,4.108,0.7896,0.7461,0.1733,0.1487,0.4733,0.8426,synthetic,round_0
65277-42-1,furin,Furin,host,,CC(=O)N1CCN(c2ccc(OC[C@H]3CO[C@](Cn4cc[nH+]c4)(c4ccc(Cl)cc4Cl)O3)cc2)CC1,4.227,0.992,0.7328,0.5922,0.5254,0.7514,0.7083,synthetic,round_0
65473-14-5,furin,Furin,host,,C[N@@H+](CC=Cc1ccccc1)Cc1cccc2ccccc12,4.27,0.1937,0.6441,0.7002,0.2167,0.8487,0.7165,synthetic,round_0
175865-59-5,furin,Furin,host,,CC(C)[C@H]([NH3+])C(=O)OC[C@@H](CO)OCn1cnc2c(=O)[nH]c(N)nc21,4.405,0.9479,0.909,0.5306,0.3603,0.5429,0.1229,synthetic,round_0
148849-67-6,furin,Furin,host,,COc1cc2c(cc1OC)CC(=O)N(CCC[N@@H+](C)C[C@H]1Cc3cc(OC)c(OC)cc31)CC2,4.592,0.99,0.9807,0.9123,0.9355,0.2417,0.1385,synthetic,round_0
192725-17-0,furin,Furin,host,,Cc1cccc(C)c1OCC(=O)N[C@@H](Cc1ccccc1)[C@@H](O)C[C@H](Cc1ccccc1)NC(=O)[C@H](C(C)C)N1CCCNC1=O,4.343,0.8117,0.1138,0.5797,0.6347,0.4375,0.3424,synthetic,round_0
63-45-6,furin,Furin,host,,COc1cc(N[C@@H](C)CCC[NH3+])c2ncccc2c1,4.407,0.9042,0.8437,0.7303,0.8513,0.8986,0.5036,synthetic,round_0
443913-73-3,furin,Furin,host,,COc1cc2c(Nc3ccc(Br)cc3F)ncnc2cc1OC[C@H]1CC[N@H+](C)CC1,4.286,0.302,0.7606,0.6984,0.353,0.6018,0.5278,synthetic,round_0
61-76-7,furin,Furin,host,,C[NH2+]C[C@@H](O)c1cccc(O)c1,4.654,0.6653,0.6959,0.0711,0.3155,0.2399,0.2793,synthetic,round_0
440-17-5,furin,Furin,host,,CN1CC[NH+](CCCN2c3ccccc3Sc3ccc(C(F)(F)F)cc32)CC1,4.663,0.7409,0.2394,0.2387,0.2363,0.438,0.2239,synthetic,round_0
184475-35-2,furin,Furin,host,,COc1cc2ncnc(Nc3ccc(F)c(Cl)c3)c2cc1OCCC[NH+]1CCOCC1,4.143,0.9783,0.9155,0.6607,0.9556,0.3534,0.8868,synthetic,round_0
23256-50-0,furin,Furin,host,,NC(=[NH2+])N/N=C/c1c(Cl)cccc1Cl,3.677,0.1332,0.1782,0.3484,0.1545,0.846,0.9647,synthetic,round_0
58-27-5,furin,Furin,host,,CC1=CC(=O)c2ccccc2C1=O,3.43,0.6889,0.9507,0.7449,0.8855,0.8687,0.281,synthetic,round_0
183320-51-6,furin,Furin,host,,C#Cc1cccc(Nc2ncnc3cc(OCCOC)c(OCCO)cc23)c1,4.372,0.2891,0.1133,0.0386,0.1862,0.5656,0.9623,synthetic,round_0
53716-49-7,furin,Furin,host,,C[C@@H](C(=O)[O-])c1ccc2c(c1)[nH]c1ccc(Cl)cc12,3.795,0.8512,0.6699,0.4474,0.1108,0.3493,0.0746,synthetic,round_0
54527-84-3,furin,Furin,host,,COC(=O)C1=C(C)NC(C)=C(C(=O)OCC[N@H+](C)Cc2ccccc2)[C@@H]1c1cccc([N+](=O)[O-])c1,4.239,0.4815,0.6695,0.1179,0.322,0.5928,0.1292,synthetic,round_0
298-81-7,furin,Furin,host,,COc1c2occc2cc2ccc(=O)oc12,5.142,0.1862,0.7184,0.288,0.4085,0.2402,0.1805,synthetic,round_0
51-30-9,furin,Furin,host,,CC(C)[NH2+]C[C@H](O)c1ccc(O)c(O)c1,5.897,0.9887,0.8688,0.7301,0.8264,0.5018,0.0876,synthetic,round_0
34381-68-5,furin,Furin,host,,CCCC(=O)Nc1ccc(OC[C@H](O)C[NH2+]C(C)C)c(C(C)=O)c1,3.658,0.1028,0.2799,0.0579,0.0678,0.0355,0.3309,synthetic,round_0
51022-70-9,furin,Furin,host,,CC(C)(C)[NH2+]C[C@@H](O)c1ccc(O)c(CO)c1,5.853,0.9953,0.8579,0.6288,0.9047,0.3802,0.4424,synthetic,round_0
13492-01-8,furin,Furin,host,,[NH3+][C@@H]1C[C@H]1c1ccccc1,3.961,0.6102,0.1463,0.2711,0.2658,0.3995,0.8232,synthetic,round_0
536-33-4,furin,Furin,host,,CCc1cc(C(N)=S)ccn1,7.306,0.4106,0.6409,0.9783,0.9924,0.1566,0.2776,synthetic,round_0
25332-39-2,furin,Furin,host,,O=c1n(CCC[NH+]2CCN(c3cccc(Cl)c3)CC2)nc2ccccn12,5.174,0.4197,0.0653,0.6616,0.2033,0.7498,0.829,synthetic,round_0
496775-61-2,furin,Furin,host,,CC1=NN(c2ccc(C)c(C)c2)C(=O)/C1=N\Nc1cccc(-c2cccc(C(=O)[O-])c2)c1O,4.29,0.9917,0.9184,0.2759,0.3146,0.034,0.0264,synthetic,round_0
100643-71-8,furin,Furin,host,,Clc1ccc2c(c1)CCc1cccnc1C2=C1CC[NH2+]CC1,3.914,0.0735,0.033,0.7879,0.6602,0.3827,0.4236,synthetic,round_0
123318-82-1,furin,Furin,host,,Nc1nc(Cl)nc2c1ncn2[C@@H]1O[C@H](CO)[C@@H](O)[C@@H]1F,4.878,0.7,0.3177,0.6576,0.6399,0.4622,0.1728,synthetic,round_0
36791-04-5,furin,Furin,host,,NC(=O)c1ncn([C@@H]2O[C@H](CO)[C@@H](O)[C@H]2O)n1,4.968,0.1566,0.0062,0.3733,0.1993,0.0106,0.2571,synthetic,round_0
198480-56-7,furin,Furin,host,,Cc1c(-c2ccc(O)cc2)n(Cc2ccc(OCC[NH+]3CCCCCC3)cc2)c2ccc(O)cc12,4.184,0.8533,0.907,0.2847,0.4572,0.6403,0.7569,synthetic,round_0
201530-41-8,furin,Furin,host,,O=C([O-])c1ccc(-n2nc(-c3ccccc3O)nc2-c2ccccc2O)cc1,5.012,0.9297,0.4092,0.4904,0.4029,0.7793,0.5803,synthetic,round_0
111406-87-2,furin,Furin,host,,C[C@H](c1cc2ccccc2s1)N(O)C(N)=O,3.836,0.6095,0.8171,0.6337,0.6378,0.1548,0.3299,synthetic,round_0
2627-69-2,furin,Furin,host,,NC(=O)c1ncn([C@@H]2O[C@H](CO)[C@@H](O)[C@H]2O)c1N,4.559,0.2409,0.2191,0.8541,0.2986,0.0271,0.2952,synthetic,round_0
3717-88-2,furin,Furin,host,,Cc1c(-c2ccccc2)oc2c(C(=O)OCC[NH+]3CCCCC3)cccc2c1=O,4.942,0.3884,0.44,0.8814,0.6402,0.0235,0.6569,synthetic,round_0
133099-07-7,furin,Furin,host,,NC(=O)C(c1ccccc1)(c1ccccc1)[C@@H]1CC[N@@H+](CCc2ccc3c(c2)CCO3)C1,7.702,0.999,0.999,0.9989,0.9961,0.6277,0.5638,synthetic,round_0
223673-61-8,furin,Furin,host,,Nc1nc(CC(=O)Nc2ccc(CC[NH2+]C[C@H](O)c3ccccc3)cc2)cs1,5.129,0.6885,0.5175,0.5155,0.559,0.7082,0.7385,synthetic,round_0
50-28-2,furin,Furin,host,,C[C@@]12CC[C@@H]3c4ccc(O)cc4CC[C@H]3[C@@H]1CC[C@H]2O,4.104,0.2443,0.2911,0.1467,0.2727,0.1772,0.2341,synthetic,round_0
641571-10-0,furin,Furin,host,,Cc1cn(-c2cc(NC(=O)c3ccc(C)c(Nc4nccc(-c5cccnc5)n4)c3)cc(C(F)(F)F)c2)c[nH+]1,4.218,0.9081,0.967,0.7384,0.5891,0.3906,0.5077,synthetic,round_0
21462-39-5,furin,Furin,host,,CCC[C@@H]1C[C@@H](C(=O)N[C@@H]([C@H]2O[C@H](SC)[C@H](O)[C@@H](O)[C@H]2O)[C@H](C)Cl)[N@H+](C)C1,4.735,0.7096,0.1231,0.6726,0.7799,0.897,0.8497,synthetic,round_0
169590-42-5,furin,Furin,host,,Cc1ccc(-c2cc(C(F)(F)F)nn2-c2ccc(S(N)(=O)=O)cc2)cc1,3.713,0.9517,0.7206,0.3346,0.8002,0.743,0.7597,synthetic,round_0
53885-35-1,furin,Furin,host,,Clc1ccccc1C[N@H+]1CCc2sccc2C1,3.496,0.3277,0.4393,0.1787,0.1805,0.8257,0.1205,synthetic,round_0
191732-72-6,furin,Furin,host,,Nc1cccc2c1CN([C@@H]1CCC(=O)NC1=O)C2=O,4.623,0.1332,0.5472,0.6344,0.3316,0.3711,0.069,synthetic,round_0
144598-75-4,furin,Furin,host,,Cc1nc2n(c(=O)c1CC[N@H+]1CC[C@H](c3noc4cc(F)ccc43)CC1)CCC[C@@H]2O,4.248,0.2163,0.3986,0.6903,0.217,0.8614,0.937,synthetic,round_0
154-69-8,furin,Furin,host,,C[NH+](C)CCN(Cc1ccccc1)c1ccccn1,4.199,0.9118,0.9732,0.995,0.9589,0.3311,0.0367,synthetic,round_0
103577-45-3,furin,Furin,host,,Cc1c(OCC(F)(F)F)cc[nH+]c1C[S@@](=O)c1nc2ccccc2[nH]1,3.975,0.1823,0.1441,0.1741,0.1126,0.817,0.526,synthetic,round_0
62893-19-0,furin,Furin,host,,CCN1CCN(C(=O)N[C@@H](C(=O)N[C@@H]2C(=O)N3C(C(=O)[O-])=C(CSc4nnnn4C)CS[C@H]23)c2ccc(O)cc2)C(=O)C1=O,3.713,0.5124,0.5336,0.1818,0.2039,0.3125,0.021,synthetic,round_0
73590-58-6,furin,Furin,host,,COc1ccc2nc([S@](=O)Cc3[nH+]cc(C)c(OC)c3C)[nH]c2c1,4.876,0.987,0.5696,0.7804,0.7798,0.1487,0.3431,synthetic,round_0
72432-03-2,furin,Furin,host,,OCC[N@H+]1C[C@H](O)[C@@H](O)[C@H](O)[C@H]1CO,4.07,0.331,0.2475,0.3938,0.3464,0.0424,0.3319,synthetic,round_0
444731-52-6,furin,Furin,host,,Cc1ccc(Nc2nccc(N(C)c3ccc4c(C)n(C)nc4c3)n2)cc1S(N)(=O)=O,6.887,0.5215,0.8598,0.9968,0.9915,0.5079,0.9972,synthetic,round_0
50-63-5,furin,Furin,host,,CC[NH+](CC)CCC[C@@H](C)Nc1cc[nH+]c2cc(Cl)ccc12,3.116,0.1364,0.1155,0.054,0.1456,0.2316,0.186,synthetic,round_0
364782-34-3,furin,Furin,host,,C[C@@H]([NH2+]CCCc1cccc(C(F)(F)F)c1)c1cccc2ccccc12,4.647,0.1338,0.807,0.5208,0.5353,0.2372,0.3948,synthetic,round_0
61318-91-0,furin,Furin,host,,Clc1ccc(CS[C@H](Cn2cc[nH+]c2)c2ccc(Cl)cc2Cl)cc1,4.293,0.7988,0.947,0.4034,0.9906,0.9026,0.3092,synthetic,round_0
30652-11-0,furin,Furin,host,,Cc1c(O)c(=O)ccn1C,4.049,0.0934,0.1333,0.2042,0.1789,0.8267,0.8818,synthetic,round_0
165800-03-3,furin,Furin,host,,CC(=O)NC[C@H]1CN(c2ccc(N3CCOCC3)c(F)c2)C(=O)O1,5.763,0.5152,0.7633,0.7758,0.9143,0.7585,0.8657,synthetic,round_0
321-30-2,furin,Furin,host,,Nc1ncnc2[nH]cnc12,4.87,0.0722,0.3459,0.6323,0.078,0.9239,0.6893,synthetic,round_0
91-33-8,furin,Furin,host,,NS(=O)(=O)c1cc2c(cc1Cl)NC(CSCc1ccccc1)=NS2(=O)=O,3.54,0.0314,0.7526,0.1843,0.3299,0.4897,0.9325,synthetic,round_0
134308-13-7,furin,Furin,host,,Cc1ccc(C(=O)c2cc(O)c(O)c([N+](=O)[O-])c2)cc1,4.591,0.3969,0.4924,0.894,0.9898,0.2182,0.4854,synthetic,round_0
152459-95-5,furin,Furin,host,,Cc1ccc(NC(=O)c2ccc(C[NH+]3CCN(C)CC3)cc2)cc1Nc1nccc(-c2cccnc2)n1,5.173,0.6949,0.4427,0.944,0.9772,0.6763,0.3594,synthetic,round_0
82586-55-8,furin,Furin,host,,CCOC(=O)[C@H](CCc1ccccc1)[NH2+][C@@H](C)C(=O)N1Cc2ccccc2C[C@H]1C(=O)[O-],6.281,0.9689,0.8742,0.999,0.999,0.4342,0.0075,synthetic,round_0
475207-59-1,furin,Furin,host,,CNC(=O)c1cc(Oc2ccc(NC(=O)Nc3ccc(Cl)c(C(F)(F)F)c3)cc2)ccn1,4.203,0.9717,0.5939,0.9312,0.7795,0.6446,0.8625,synthetic,round_0
75706-12-6,furin,Furin,host,,Cc1oncc1C(=O)Nc1ccc(C(F)(F)F)cc1,5.226,0.7095,0.8915,0.9333,0.9618,0.342,0.7774,synthetic,round_0
41621-49-2,furin,Furin,host,,Cc1cc(C2CCCCC2)n([O-])c(=O)c1,4.763,0.3551,0.4791,0.4239,0.441,0.0102,0.3087,synthetic,round_0
4205-91-8,furin,Furin,host,,Clc1cccc(Cl)c1NC1=[NH+]CCN1,4.925,0.8342,0.9795,0.2679,0.2449,0.1824,0.2646,synthetic,round_0
479-18-5,furin,Furin,host,,Cn1c(=O)c2c(ncn2C[C@@H](O)CO)n(C)c1=O,4.254,0.3062,0.5152,0.9041,0.8442,0.9785,0.1669,synthetic,round_0
73963-72-1,furin,Furin,host,,O=C1CCc2cc(OCCCCc3nnnn3C3CCCCC3)ccc2N1,5.777,0.99,0.9738,0.6381,0.7782,0.3712,0.2008,synthetic,round_0
135729-62-3,furin,Furin,host,,O=C1c2cccc3c2[C@H](CCC3)CN1[C@@H]1C[N@H+]2CC[C@@H]1CC2,4.349,0.4385,0.4683,0.6446,0.6956,0.4565,0.8727,synthetic,round_0
6018-19-5,furin,Furin,host,,Nc1ccc(C(=O)[O-])c(O)c1,4.132,0.8663,0.5575,0.0381,0.1764,0.5889,0.8813,synthetic,round_0
78415-72-2,furin,Furin,host,,Cc1[nH]c(=O)c(C#N)cc1-c1ccncc1,3.416,0.6341,0.5353,0.7122,0.6308,0.2028,0.2957,synthetic,round_0
50-35-1,furin,Furin,host,,O=C1CC[C@H](N2C(=O)c3ccccc3C2=O)C(=O)N1,4.723,0.3435,0.3806,0.3316,0.3013,0.2108,0.015,synthetic,round_0
319460-85-0,furin,Furin,host,,CNC(=O)c1ccccc1Sc1ccc2c(/C=C/c3ccccn3)n[nH]c2c1,4.662,0.6908,0.6137,0.0729,0.6675,0.749,0.9244,synthetic,round_0
69-52-3,furin,Furin,host,,CC1(C)S[C@@H]2[C@@H](NC(=O)[C@@H]([NH3+])c3ccccc3)C(=O)N2[C@H]1C(=O)[O-],5.198,0.6351,0.3231,0.9252,0.6726,0.2451,0.5304,synthetic,round_0
6493-05-6,furin,Furin,host,,CC(=O)CCCCn1c(=O)c2c(ncn2C)n(C)c1=O,5.471,0.043,0.4598,0.6109,0.6718,0.0896,0.1279,synthetic,round_0
183319-69-9,furin,Furin,host,,C#Cc1cccc(Nc2ncnc3cc(OCCOC)c(OCCOC)cc23)c1,4.312,0.1259,0.0771,0.6563,0.9466,0.5266,0.4074,synthetic,round_0
219861-08-2,furin,Furin,host,,C[NH+](C)CCC[C@@]1(c2ccc(F)cc2)OCc2cc(C#N)ccc21,4.636,0.9975,0.7527,0.9152,0.9714,0.3674,0.3747,synthetic,round_0
82640-04-8,furin,Furin,host,,O=C(c1ccc(OCC[NH+]2CCCCC2)cc1)c1c(-c2ccc(O)cc2)sc2cc(O)ccc12,4.586,0.8264,0.9509,0.5938,0.3474,0.0169,0.0191,synthetic,round_0
2809-21-4,furin,Furin,host,,C[C@](O)(P(=O)([O-])[O-])P(=O)([O-])O,4.592,0.7814,0.6478,0.5774,0.1906,0.5202,0.1855,synthetic,round_0
129497-78-5,furin,Furin,host,,C=Cc1c(C)c2cc3nc(cc4[nH]c(cc5[nH+]c(cc1[nH]2)C(C)=C5CCC(=O)OC)c(CCC(=O)[O-])c4C)[C@@]1(C)C3=CC=C(C(=O)OC)[C@H]1C(=O)OC,3.691,0.9077,0.9803,0.7855,0.9689,0.4479,0.0678,synthetic,round_0
366-70-1,furin,Furin,host,,C[NH2+]NCc1ccc(C(=O)NC(C)C)cc1,3.76,0.6574,0.5024,0.5552,0.2414,0.0018,0.0307,synthetic,round_0
50-78-2,furin,Furin,host,,CC(=O)Oc1ccccc1C(=O)[O-],4.125,0.5086,0.1578,0.8406,0.5701,0.4366,0.6442,synthetic,round_0
59-67-6,furin,Furin,host,,O=C([O-])c1cccnc1,6.033,0.0524,0.6438,0.6088,0.7225,0.896,0.7648,synthetic,round_0
147403-03-0,furin,Furin,host,,CCOc1nc2cccc(C(=O)O)c2n1Cc1ccc(-c2ccccc2-c2noc(=O)[nH]2)cc1,6.886,0.9084,0.9496,0.9968,0.999,0.9929,0.9745,synthetic,round_0
51-48-9,furin,Furin,host,,[NH3+][C@@H](Cc1cc(I)c(Oc2cc(I)c([O-])c(I)c2)c(I)c1)C(=O)[O-],4.134,0.9852,0.998,0.9143,0.7793,0.2078,0.1375,synthetic,round_0
89-57-6,furin,Furin,host,,Nc1ccc(O)c(C(=O)[O-])c1,3.33,0.0189,0.1424,0.0241,0.0139,0.1135,0.1243,synthetic,round_0
63675-72-9,furin,Furin,host,,COC(=O)C1=C(C)NC(C)=C(C(=O)OCC(C)C)[C@H]1c1ccccc1[N+](=O)[O-],5.351,0.374,0.4272,0.8181,0.4631,0.7055,0.7876,synthetic,round_0
93-14-1,furin,Furin,host,,COc1ccccc1OC[C@@H](O)CO,4.771,0.9337,0.7787,0.9548,0.9244,0.4275,0.8919,synthetic,round_0
56180-94-0,furin,Furin,host,,C[C@H]1O[C@H](O[C@H]2[C@H](O)[C@@H](O)[C@@H](O[C@@H]([C@H](O)[C@@H](O)C=O)[C@H](O)CO)O[C@@H]2CO)[C@H](O)[C@@H](O)[C@@H]1N[C@H]1C=C(CO)[C@@H](O)[C@H](O)[C@H]1O,3.751,0.2795,0.7847,0.6125,0.8471,0.1154,0.3201,synthetic,round_0
25451-15-4,furin,Furin,host,,NC(=O)OCC(COC(N)=O)c1ccccc1,5.438,0.3103,0.3855,0.8701,0.5867,0.768,0.836,synthetic,round_0
2022-85-7,furin,Furin,host,,Nc1nc(=O)[nH]cc1F,4.152,0.9344,0.7104,0.6388,0.6993,0.5981,0.4543,synthetic,round_0
554-57-4,furin,Furin,host,,CC(=O)Nc1sc(S(N)(=O)=O)n[n+]1C,4.643,0.2817,0.3478,0.9835,0.5388,0.4693,0.2678,synthetic,round_0
50-44-2,furin,Furin,host,,S=c1[nH]cnc2nc[nH]c12,5.249,0.6728,0.6106,0.2627,0.7813,0.9384,0.7397,synthetic,round_0
156-57-0,furin,Furin,host,,[NH3+]CCS,3.552,0.0432,0.0308,0.4611,0.4979,0.0046,0.0496,synthetic,round_0
50-01-1,furin,Furin,host,,NC(N)=[NH2+],3.77,0.0785,0.0699,0.1118,0.1226,0.2768,0.4201,synthetic,round_0
99464-64-9,furin,Furin,host,,CCOC(=O)O[C@@H](C)OC1=C(C(=O)Nc2ccccn2)N(C)S(=O)(=O)c2ccccc21,4.617,0.0836,0.0571,0.674,0.526,0.4709,0.8734,synthetic,round_0
82419-36-1,furin,Furin,host,,C[C@@H]1COc2c(N3CC[NH+](C)CC3)c(F)cc3c(=O)c(C(=O)O)cn1c23,3.329,0.7728,0.8781,0.7571,0.6721,0.011,0.0407,synthetic,round_0
122647-32-9,furin,Furin,host,,CCCCCCC[N@@H+](CC)CCC[C@H](O)c1ccc(NS(C)(=O)=O)cc1,5.325,0.9811,0.979,0.942,0.6604,0.216,0.0667,synthetic,round_0
149003-01-0,furin,Furin,host,,C[C@@H](CN1CC(=O)NC(=O)C1)[NH+]1CC(=O)[N-]C(=O)C1,4.306,0.8104,0.4226,0.0162,0.0567,0.1853,0.3869,synthetic,round_0
112811-59-3,furin,Furin,host,,COc1c(N2CC[NH2+][C@H](C)C2)c(F)cc2c(=O)c(C(=O)[O-])cn(C3CC3)c12,3.609,0.1974,0.0361,0.0405,0.4875,0.9719,0.3071,synthetic,round_0
51803-78-2,furin,Furin,host,,CS(=O)(=O)Nc1ccc([N+](=O)[O-])cc1Oc1ccccc1,5.039,0.7478,0.6182,0.8034,0.2035,0.0153,0.2497,synthetic,round_0
29767-20-2,furin,Furin,host,,COc1cc([C@@H]2c3cc4c(cc3[C@@H](O[C@@H]3O[C@@H]5CO[C@@H](c6cccs6)O[C@H]5[C@H](O)[C@H]3O)[C@H]3COC(=O)[C@H]23)OCO4)cc(OC)c1O,6.866,0.9777,0.741,0.9493,0.8979,0.8885,0.6718,synthetic,round_0
10347-81-6,furin,Furin,host,,C[NH2+]CCC[C@]12CC[C@H](c3ccccc31)c1ccccc12,5.273,0.6535,0.846,0.7604,0.5477,0.999,0.7035,synthetic,round_0
53994-73-3,furin,Furin,host,,[NH3+][C@@H](C(=O)N[C@@H]1C(=O)N2C(C(=O)[O-])=C(Cl)CS[C@H]12)c1ccccc1,3.705,0.7822,0.8106,0.2076,0.5215,0.4586,0.5364,synthetic,round_0
49562-28-9,furin,Furin,host,,CC(C)OC(=O)C(C)(C)Oc1ccc(C(=O)c2ccc(Cl)cc2)cc1,3.659,0.9227,0.8438,0.5336,0.0492,0.0167,0.0382,synthetic,round_0
51-52-5,furin,Furin,host,,CCCc1cc(=O)[nH]c(=S)[nH]1,4.089,0.2871,0.1255,0.6819,0.9703,0.9286,0.6358,synthetic,round_0
315-30-0,furin,Furin,host,,O=c1[nH]cnc2[nH]ncc12,5.063,0.8966,0.8482,0.7307,0.8322,0.501,0.8647,synthetic,round_0
1405-10-3,furin,Furin,host,,N[C@H]1[C@@H](O[C@H]2[C@@H](O)[C@H](O[C@@H]3[C@@H](O)[C@H](N)C[C@H]([NH3+])[C@H]3O[C@H]3O[C@H](C[NH3+])[C@@H](O)[C@H](O)[C@H]3N)O[C@@H]2CO)O[C@@H](C[NH3+])[C@@H](O)[C@@H]1O,3.645,0.8675,0.6227,0.2032,0.1587,0.1039,0.4749,synthetic,round_0
58-14-0,furin,Furin,host,,CCc1nc(N)nc(N)c1-c1ccc(Cl)cc1,4.513,0.8907,0.7728,0.1798,0.1447,0.4863,0.2423,synthetic,round_0
19237-84-4,furin,Furin,host,,COc1cc2[nH+]c(N3CCN(C(=O)c4ccco4)CC3)nc(N)c2cc1OC,5.79,0.1846,0.2161,0.4887,0.7409,0.4232,0.4061,synthetic,round_0
23288-49-5,furin,Furin,host,,CC(C)(Sc1cc(C(C)(C)C)c(O)c(C(C)(C)C)c1)Sc1cc(C(C)(C)C)c(O)c(C(C)(C)C)c1,5.171,0.8889,0.9787,0.622,0.9916,0.2352,0.0714,synthetic,round_0
147-94-4,furin,Furin,host,,Nc1ccn([C@@H]2O[C@H](CO)[C@@H](O)[C@@H]2O)c(=O)n1,6.375,0.7432,0.9016,0.9505,0.9308,0.7822,0.1953,synthetic,round_0
65-29-2,furin,Furin,host,,CC[N+](CC)(CC)CCOc1cccc(OCC[N+](CC)(CC)CC)c1OCC[N+](CC)(CC)CC,3.421,0.8716,0.6525,0.0598,0.1205,0.1066,0.0145,synthetic,round_0
24356-60-3,furin,Furin,host,,CC(=O)OCC1=C(C(=O)[O-])N2C(=O)[C@@H](NC(=O)CSc3ccncc3)[C@H]2SC1,4.172,0.9945,0.9985,0.1803,0.7344,0.3811,0.2144,synthetic,round_0
186826-86-8,furin,Furin,host,,COc1c(N2C[C@@H]3CCC[NH2+][C@@H]3C2)c(F)cc2c(=O)c(C(=O)[O-])cn(C3CC3)c12,3.712,0.4658,0.4617,0.2467,0.4626,0.8468,0.2659,synthetic,round_0
101-26-8,furin,Furin,host,,CN(C)C(=O)Oc1ccc[n+](C)c1,6.147,0.9801,0.9506,0.6434,0.9844,0.912,0.0977,synthetic,round_0
15687-27-1,furin,Furin,host,,CC(C)Cc1ccc([C@H](C)C(=O)[O-])cc1,3.991,0.0524,0.1513,0.3087,0.7706,0.5919,0.484,synthetic,round_0
286930-03-8,furin,Furin,host,,CC(C)C(=O)Oc1ccc(CO)cc1[C@@H](CC[NH+](C(C)C)C(C)C)c1ccccc1,4.42,0.3702,0.4496,0.815,0.8615,0.505,0.1642,synthetic,round_0
3424-98-4,furin,Furin,host,,Cc1cn([C@@H]2C[C@@H](O)[C@H](CO)O2)c(=O)[nH]c1=O,4.123,0.6843,0.8859,0.4694,0.2389,0.7234,0.6596,synthetic,round_0
14976-57-9,furin,Furin,host,,C[N@H+]1CCC[C@@H]1CCO[C@](C)(c1ccccc1)c1ccc(Cl)cc1,4.577,0.5343,0.8598,0.1068,0.3897,0.8524,0.7826,synthetic,round_0
160970-54-7,furin,Furin,host,,C[C@H](Cc1cc2c(c(C(N)=O)c1)N(CCCO)CC2)[NH2+]CCOc1ccccc1OCC(F)(F)F,3.494,0.3025,0.7397,0.3605,0.5948,0.878,0.7583,synthetic,round_0
3543-75-7,furin,Furin,host,,Cn1c(CCCC(=O)[O-])nc2cc(N(CCCl)CCCl)ccc21,4.829,0.1556,0.6599,0.4049,0.6018,0.0977,0.7856,synthetic,round_0
144060-53-7,furin,Furin,host,,Cc1nc(-c2ccc(OCC(C)C)c(C#N)c2)sc1C(=O)[O-],4.71,0.7421,0.8636,0.7535,0.7224,0.0542,0.2051,synthetic,round_0
95233-18-4,furin,Furin,host,,O=C1C([O-])=C([C@H]2CC[C@H](c3ccc(Cl)cc3)CC2)C(=O)c2ccccc21,5.451,0.1373,0.74,0.9908,0.999,0.7148,0.3838,synthetic,round_0
91374-20-8,furin,Furin,host,,CCC[NH+](CCC)CCc1cccc2c1CC(=O)N2,4.266,0.496,0.2114,0.395,0.6753,0.8266,0.4816,synthetic,round_0
58186-27-9,furin,Furin,host,,COC1=C(OC)C(=O)C(CCCCCCCCCCO)=C(C)C1=O,4.245,0.9964,0.9877,0.8007,0.8803,0.1693,0.3141,synthetic,round_0
17321-77-6,furin,Furin,host,,C[NH+](C)CCCN1c2ccccc2CCc2ccc(Cl)cc21,3.921,0.7879,0.7967,0.0125,0.0406,0.4029,0.7678,synthetic,round_0
117-37-3,furin,Furin,host,,COc1ccc(C2=C([O-])c3ccccc3C2=O)cc1,5.089,0.5797,0.6015,0.428,0.8534,0.6197,0.9908,synthetic,round_0
62571-86-2,furin,Furin,host,,C[C@H](CS)C(=O)N1CCC[C@H]1C(=O)[O-],6.497,0.9746,0.9984,0.9964,0.9499,0.8246,0.8358,synthetic,round_0
41340-25-4,furin,Furin,host,,CCc1cccc2c3c([nH]c12)[C@@](CC)(CC(=O)[O-])OCC3,5.039,0.8643,0.7295,0.5875,0.8269,0.1793,0.0213,synthetic,round_0
302962-49-8,furin,Furin,host,,Cc1nc(Nc2ncc(C(=O)Nc3c(C)cccc3Cl)s2)cc(N2CC[NH+](CCO)CC2)n1,4.335,0.2434,0.9541,0.5696,0.3222,0.3851,0.4945,synthetic,round_0
63-74-1,furin,Furin,host,,Nc1ccc(S(N)(=O)=O)cc1,4.216,0.9285,0.9489,0.9599,0.9662,0.4393,0.1538,synthetic,round_0
2508-72-7,furin,Furin,host,,c1ccc(CN(CC2=[NH+]CCN2)c2ccccc2)cc1,3.385,0.9348,0.4082,0.2089,0.2724,0.935,0.6239,synthetic,round_0
85371-64-8,furin,Furin,host,,C[C@@H](N/C(=N\C#N)Nc1ccncc1)C(C)(C)C,5.095,0.9272,0.9223,0.978,0.9931,0.0887,0.0595,synthetic,round_0
58-56-0,furin,Furin,host,,Cc1[nH+]cc(CO)c(CO)c1[O-],4.861,0.8253,0.5491,0.9366,0.8072,0.2445,0.7752,synthetic,round_0
115256-11-6,furin,Furin,host,,C[N@H+](CCOc1ccc(NS(C)(=O)=O)cc1)CCc1ccc(NS(C)(=O)=O)cc1,4.932,0.8918,0.8629,0.2272,0.7576,0.2041,0.2216,synthetic,round_0
188062-50-2,furin,Furin,host,,Nc1nc(NC2CC2)c2ncn([C@H]3C=C[C@@H](CO)C3)c2n1,4.394,0.2529,0.3198,0.3715,0.6433,0.9047,0.976,synthetic,round_0
40828-46-4,furin,Furin,host,,C[C@H](C(=O)[O-])c1ccc(C(=O)c2cccs2)cc1,3.773,0.5704,0.5828,0.9526,0.9805,0.2765,0.3982,synthetic,round_0
139110-80-8,furin,Furin,host,,CC(=O)N[C@H]1[C@H]([C@H](O)[C@H](O)CO)OC(C(=O)[O-])=C[C@@H]1NC(N)=[NH2+],4.662,0.8081,0.535,0.9577,0.847,0.9777,0.425,synthetic,round_0
375815-87-5,furin,Furin,host,,c1cnc2cc3c(cc2n1)[C@@H]1C[NH2+]C[C@H]3C1,3.991,0.011,0.1164,0.1075,0.0498,0.7154,0.01,synthetic,round_0
56211-40-6,furin,Furin,host,,Cc1cccc(Nc2cc[nH+]cc2S(=O)(=O)[N-]C(=O)NC(C)C)c1,4.326,0.8467,0.9558,0.4327,0.3065,0.43,0.2026,synthetic,round_0
58-96-8,furin,Furin,host,,O=c1ccn([C@@H]2O[C@@H](CO)[C@H](O)[C@H]2O)c(=O)[nH]1,4.334,0.8071,0.9287,0.8394,0.9132,0.1975,0.5417,synthetic,round_0
3366-95-8,furin,Furin,host,,Cc1ncc([N+](=O)[O-])n1C[C@H](C)O,4.414,0.2529,0.5449,0.2179,0.5105,0.1213,0.1063,synthetic,round_0
211914-51-1,furin,Furin,host,,Cn1c(CNc2ccc(C(N)=[NH2+])cc2)nc2cc(C(=O)N(CCC(=O)[O-])c3ccccn3)ccc21,4.591,0.1228,0.2538,0.6525,0.1539,0.4421,0.4834,synthetic,round_0
150322-43-3,furin,Furin,host,,CC(=O)Oc1cc2c(s1)CC[N@H+]([C@@H](C(=O)C1CC1)c1ccccc1F)C2,4.684,0.7459,0.8305,0.834,0.7372,0.2967,0.6747,synthetic,round_0
1744-22-5,furin,Furin,host,,Nc1nc2ccc(OC(F)(F)F)cc2s1,5.203,0.8903,0.8646,0.5613,0.7229,0.7918,0.5802,synthetic,round_0
23239-51-2,furin,Furin,host,,C[C@H]([NH2+]CCc1ccc(O)cc1)[C@H](O)c1ccc(O)cc1,5.013,0.9746,0.8582,0.8576,0.8504,0.5839,0.1261,synthetic,round_0
21679-14-1,furin,Furin,host,,Nc1nc(F)nc2c1ncn2[C@@H]1O[C@H](CO)[C@@H](O)[C@@H]1O,3.847,0.9725,0.8855,0.5478,0.5432,0.1199,0.4823,synthetic,round_0
105816-04-4,furin,Furin,host,,CC(C)[C@H]1CC[C@H](C(=O)N[C@H](Cc2ccccc2)C(=O)[O-])CC1,4.251,0.9963,0.991,0.9945,0.9628,0.5639,0.3723,synthetic,round_0
57248-88-1,furin,Furin,host,,[NH3+]CC[C@](O)(P(=O)([O-])[O-])P(=O)([O-])O,3.923,0.9932,0.9712,0.883,0.906,0.1065,0.6466,synthetic,round_0
39133-31-8,furin,Furin,host,,CC[C@@](COC(=O)c1cc(OC)c(OC)c(OC)c1)(c1ccccc1)[NH+](C)C,5.193,0.9192,0.911,0.9191,0.8574,0.0268,0.0059,synthetic,round_0
135062-02-1,furin,Furin,host,,CCOc1cc(CC(=O)N[C@@H](CC(C)C)c2ccccc2N2CCCCC2)ccc1C(=O)[O-],4.247,0.9338,0.862,0.1281,0.2887,0.2279,0.0474,synthetic,round_0
13311-84-7,furin,Furin,host,,CC(C)C(=O)Nc1ccc([N+](=O)[O-])c(C(F)(F)F)c1,4.626,0.9972,0.9896,0.9977,0.995,0.1704,0.0628,synthetic,round_0
28657-80-9,furin,Furin,host,,CCn1nc(C(=O)O)c(=O)c2cc3c(cc21)OCO3,4.854,0.2304,0.7366,0.6612,0.9315,0.4735,0.0855,synthetic,round_0
55268-74-1,furin,Furin,host,,O=C(C1CCCCC1)N1CC(=O)N2CCc3ccccc3[C@@H]2C1,5.335,0.4268,0.8226,0.9841,0.8005,0.9002,0.7722,synthetic,round_0
16676-29-2,furin,Furin,host,,O=C1CC[C@@]2(O)[C@H]3Cc4ccc(O)c5c4[C@@]2(CC[N@@H+]3CC2CC2)[C@H]1O5,4.083,0.2839,0.6306,0.1188,0.2527,0.6833,0.2168,synthetic,round_0
5633-20-5,furin,Furin,host,,CC[NH+](CC)CC#CCOC(=O)[C@@](O)(c1ccccc1)C1CCCCC1,4.456,0.6794,0.3106,0.7321,0.1579,0.9642,0.0846,synthetic,round_0
51-21-8,furin,Furin,host,,O=c1[n-]cc(F)c(=O)[nH]1,4.563,0.834,0.7853,0.5241,0.4709,0.5783,0.1203,synthetic,round_0
147526-32-7,furin,Furin,host,,O=C([O-])C[C@H](O)C[C@H](O)/C=C/c1c(C2CC2)nc2ccccc2c1-c1ccc(F)cc1,3.909,0.6375,0.2402,0.1489,0.4556,0.3034,0.8857,synthetic,round_0
7279-75-6,furin,Furin,host,,CC[C@@H]([NH2+]C(C)C)[C@@H](O)c1ccc(O)c(O)c1,4.078,0.8717,0.4188,0.8924,0.7826,0.3423,0.2153,synthetic,round_0
96036-03-2,furin,Furin,host,,C[C@@H](O)[C@H]1C(=O)N2C(C(=O)[O-])=C(S[C@@H]3C[NH2+][C@H](C(=O)N(C)C)C3)[C@H](C)[C@H]12,5.099,0.4223,0.2775,0.1061,0.4674,0.5824,0.5421,synthetic,round_0
220620-09-7,furin,Furin,host,,CN(C)c1cc(NC(=O)C[NH2+]C(C)(C)C)c(O)c2c1C[C@H]1C[C@H]3[C@H](N(C)C)C([O-])=C(C(N)=O)C(=O)[C@@]3(O)C(O)=C1C2=O,4.299,0.3032,0.0665,0.086,0.0132,0.6345,0.8789,synthetic,round_0
167221-71-8,furin,Furin,host,,CCCC(=O)OCOC(=O)C1=C(C)NC(C)=C(C(=O)OC)[C@@H]1c1cccc(Cl)c1Cl,3.778,0.6894,0.2172,0.1959,0.5303,0.0816,0.2861,synthetic,round_0
100299-08-9,furin,Furin,host,,Cc1cccn2c(=O)c(-c3nnn[n-]3)cnc12,4.464,0.9778,0.9757,0.9415,0.9588,0.4279,0.3292,synthetic,round_0
70288-86-7,furin,Furin,host,,CC[C@@H](C)[C@H]1O[C@]2(CC[C@@H]1C)C[C@@H]1C[C@@H](C/C=C(\C)[C@@H](O[C@H]3C[C@H](OC)[C@@H](O[C@H]4C[C@H](OC)[C@@H](O)[C@H](C)O4)[C@H](C)O3)[C@@H](C)/C=C/C=C3\CO[C@@H]4[C@H](O)C(C)=C[C@@H](C(=O)O1)[C@]34O)O2,4.354,0.9906,0.5518,0.6433,0.9459,0.405,0.623,synthetic,round_0
23651-95-8,furin,Furin,host,,[NH3+][C@H](C(=O)[O-])[C@H](O)c1ccc(O)c(O)c1,4.224,0.9374,0.1256,0.9545,0.7922,0.7289,0.2894,synthetic,round_0
81131-70-6,furin,Furin,host,,CC[C@H](C)C(=O)O[C@H]1C[C@H](O)C=C2C=C[C@H](C)[C@H](CC[C@@H](O)C[C@@H](O)CC(=O)[O-])[C@H]21,3.787,0.5262,0.0455,0.6189,0.2528,0.1742,0.3514,synthetic,round_0
141-90-2,furin,Furin,host,,O=c1cc[nH]c(=S)[nH]1,3.899,0.0655,0.1623,0.3236,0.0292,0.8058,0.1626,synthetic,round_0
405165-61-9,furin,Furin,host,,[NH3+][C@@H]1CCCCN(c2c(F)cc3c(=O)c(C(=O)O)cn(C4CC4)c3c2Cl)C1,5.364,0.6108,0.626,0.9403,0.8283,0.1007,0.0394,synthetic,round_0
19387-91-8,furin,Furin,host,,CCS(=O)(=O)CCn1c([N+](=O)[O-])cnc1C,3.542,0.1331,0.0251,0.0189,0.0304,0.8478,0.4688,synthetic,round_0
26159-34-2,furin,Furin,host,,COc1ccc2cc([C@H](C)C(=O)[O-])ccc2c1,4.925,0.2884,0.6718,0.1733,0.1214,0.4964,0.2297,synthetic,round_0
19171-19-8,furin,Furin,host,,Nc1cccc2c1C(=O)N([C@H]1CCC(=O)NC1=O)C2=O,5.259,0.6676,0.3694,0.2002,0.2434,0.632,0.8471,synthetic,round_0
34552-83-5,furin,Furin,host,,CN(C)C(=O)C(CC[N@H+]1CC[C@](O)(c2ccc(Cl)cc2)CC1)(c1ccccc1)c1ccccc1,4.935,0.7429,0.7698,0.18,0.4983,0.8107,0.8802,synthetic,round_0
103177-37-3,furin,Furin,host,,O=C(Nc1cccc2c(=O)cc(-c3nnn[n-]3)oc12)c1ccc(OCCCCc2ccccc2)cc1,5.179,0.9742,0.9883,0.9319,0.9963,0.2654,0.6699,synthetic,round_0
60-56-0,furin,Furin,host,,Cn1cc[nH]c1=S,6.898,0.992,0.9301,0.9645,0.997,0.9949,0.9756,synthetic,round_0
52-01-7,furin,Furin,host,,CC(=O)S[C@H]1CC2=CC(=O)CC[C@]2(C)[C@H]2CC[C@]3(C)[C@@H](CC[C@@]34CCC(=O)O4)[C@H]12,5.852,0.5395,0.5931,0.7647,0.8152,0.6906,0.7089,synthetic,round_0
67-48-1,furin,Furin,host,,C[N+](C)(C)CCO,4.59,0.7575,0.743,0.5863,0.6706,0.8128,0.381,synthetic,round_0
55-06-1,furin,Furin,host,,[NH3+][C@@H](Cc1cc(I)c(Oc2ccc([O-])c(I)c2)c(I)c1)C(=O)[O-],3.755,0.9009,0.9488,0.3217,0.9199,0.2799,0.5855,synthetic,round_0
23964-57-0,furin,Furin,host,,CCC[NH2+][C@H](C)C(=O)Nc1c(C)csc1C(=O)OC,4.795,0.999,0.8285,0.963,0.7518,0.4763,0.6517,synthetic,round_0
19767-45-4,furin,Furin,host,,O=S(=O)([O-])CCS,3.52,0.2369,0.0175,0.2909,0.2499,0.2291,0.3905,synthetic,round_0
7681-93-8,furin,Furin,host,,C[C@@H]1C/C=C/C=C/C=C/C=C/[C@H](O[C@@H]2O[C@H](C)[C@@H](O)[C@H](N)[C@@H]2O)C[C@@H]2O[C@](O)(C[C@@H](O)C[C@H]3O[C@@H]3/C=C/C(=O)O1)C[C@H](O)[C@H]2C(=O)[O-],4.923,0.6143,0.9669,0.1627,0.691,0.0577,0.1658,synthetic,round_0
51333-22-3,furin,Furin,host,,CCC[C@H]1O[C@@H]2C[C@H]3[C@@H]4CCC5=CC(=O)C=C[C@]5(C)[C@H]4[C@@H](O)C[C@]3(C)[C@]2(C(=O)CO)O1,4.966,0.6544,0.4123,0.4074,0.3801,0.7375,0.8038,synthetic,round_0
78110-38-0,furin,Furin,host,,C[C@H]1[C@H](NC(=O)/C(=N\OC(C)(C)C(=O)[O-])c2csc(N)n2)C(=O)N1S(=O)(=O)[O-],5.289,0.0944,0.7637,0.811,0.3747,0.8651,0.7064,synthetic,round_0
1156-19-0,furin,Furin,host,,Cc1ccc(S(=O)(=O)[N-]C(=O)NN2CCCCCC2)cc1,4.357,0.3675,0.4949,0.1309,0.1739,0.2367,0.7334,synthetic,round_0
83-43-2,furin,Furin,host,,C[C@H]1C[C@@H]2[C@H]([C@@H](O)C[C@@]3(C)[C@H]2CC[C@]3(O)C(=O)CO)[C@@]2(C)C=CC(=O)C=C12,5.122,0.242,0.1508,0.41,0.4924,0.127,0.5034,synthetic,round_0
55-98-1,furin,Furin,host,,CS(=O)(=O)OCCCCOS(C)(=O)=O,4.69,0.045,0.3868,0.2734,0.6387,0.3209,0.3535,synthetic,round_0
127-69-5,furin,Furin,host,,Cc1noc([N-]S(=O)(=O)c2ccc(N)cc2)c1C,4.625,0.344,0.1117,0.4007,0.3125,0.2207,0.4323,synthetic,round_0
88889-14-9,furin,Furin,host,,CCC(=O)O[C@H](O[P@@](=O)(CCCCc1ccccc1)CC(=O)N1C[C@H](C2CCCCC2)C[C@H]1C(=O)[O-])C(C)C,4.281,0.8453,0.7972,0.7201,0.9825,0.3506,0.6753,synthetic,round_0
138402-11-6,furin,Furin,host,,CCCCC1=NC2(CCCC2)C(=O)N1Cc1ccc(-c2ccccc2-c2nnn[n-]2)cc1,4.218,0.1561,0.1754,0.8798,0.913,0.5372,0.5053,synthetic,round_0
159351-69-6,furin,Furin,host,,CO[C@H]1C[C@@H]2CC[C@@H](C)[C@@](O)(O2)C(=O)C(=O)N2CCCC[C@H]2C(=O)O[C@H]([C@H](C)C[C@@H]2CC[C@@H](OCCO)[C@H](OC)C2)CC(=O)[C@H](C)/C=C(\C)[C@@H](O)[C@@H](OC)C(=O)[C@H](C)C[C@H](C)/C=C/C=C/C=C/1C,4.699,0.9747,0.6491,0.7466,0.9234,0.0307,0.5481,synthetic,round_0
57-83-0,furin,Furin,host,,CC(=O)[C@H]1CC[C@H]2[C@@H]3CCC4=CC(=O)CC[C@]4(C)[C@H]3CC[C@]12C,4.985,0.6001,0.6025,0.9425,0.6965,0.9411,0.789,synthetic,round_0
55079-83-9,furin,Furin,host,,COc1cc(C)c(/C=C/C(C)=C/C=C/C(C)=C/C(=O)[O-])c(C)c1C,4.406,0.7471,0.5239,0.4667,0.4317,0.926,0.4756,synthetic,round_0
5451-09-2,furin,Furin,host,,[NH3+]CC(=O)CCC(=O)[O-],4.153,0.7178,0.4809,0.9376,0.8762,0.148,0.1169,synthetic,round_0
645-05-6,furin,Furin,host,,CN(C)c1nc(N(C)C)[nH+]c(N(C)C)n1,3.918,0.9905,0.9657,0.9707,0.9768,0.0095,0.0102,synthetic,round_0
91832-40-5,furin,Furin,host,,C=CC1=C(C(=O)[O-])N2C(=O)[C@@H](NC(=O)/C(=N\O)c3csc(N)n3)[C@H]2SC1,4.881,0.649,0.6429,0.019,0.1978,0.7955,0.5586,synthetic,round_0
2668-66-8,furin,Furin,host,,CC(=O)[C@H]1CC[C@H]2[C@@H]3C[C@H](C)C4=CC(=O)CC[C@]4(C)[C@H]3[C@@H](O)C[C@]12C,4.395,0.7679,0.8515,0.9056,0.7809,0.8624,0.9117,synthetic,round_0
153559-49-0,furin,Furin,host,,C=C(c1ccc(C(=O)[O-])cc1)c1cc2c(cc1C)C(C)(C)CCC2(C)C,6.293,0.7148,0.7022,0.9547,0.8365,0.3566,0.9584,synthetic,round_0
603-50-9,furin,Furin,host,,CC(=O)Oc1ccc(C(c2ccc(OC(C)=O)cc2)c2ccccn2)cc1,4.175,0.9756,0.9511,0.9897,0.9084,0.193,0.3085,synthetic,round_0
69388-84-7,furin,Furin,host,,CC1(C)[C@H](C(=O)[O-])N2C(=O)C[C@H]2S1(=O)=O,4.038,0.0149,0.0274,0.1172,0.2805,0.6194,0.9037,synthetic,round_0
159811-51-5,furin,Furin,host,,CC(=O)[C@@]1(O)CC[C@H]2[C@@H]3CCC4=CC(=O)CCC4=C3[C@@H](c3ccc(N(C)C)cc3)C[C@@]21C,4.755,0.4866,0.5772,0.3969,0.5029,0.5426,0.6924,synthetic,round_0
638-94-8,furin,Furin,host,,CC1(C)O[C@@H]2C[C@H]3[C@@H]4CCC5=CC(=O)C=C[C@]5(C)[C@H]4[C@@H](O)C[C@]3(C)[C@]2(C(=O)CO)O1,4.575,0.8712,0.6271,0.5467,0.1288,0.1163,0.7609,synthetic,round_0
211915-06-9,furin,Furin,host,,CCCCCCOC(=O)N/N=C/c1ccc(NCc2nc3cc(C(=O)N(CCC(=O)OCC)c4ccccn4)ccc3n2C)cc1,3.858,0.8705,0.7116,0.0395,0.11,0.3823,0.6702,synthetic,round_0
1177-87-3,furin,Furin,host,,CC(=O)OCC(=O)[C@@]1(O)[C@H](C)C[C@H]2[C@@H]3CCC4=CC(=O)C=C[C@]4(C)[C@@]3(F)[C@@H](O)C[C@@]21C,4.253,0.7317,0.9399,0.1169,0.3135,0.3453,0.8079,synthetic,round_0
1115-70-4,furin,Furin,host,,CN(C)C(=[NH2+])N=C(N)N,5.568,0.7625,0.9893,0.8516,0.9561,0.5966,0.2273,synthetic,round_0
144689-63-4,furin,Furin,host,,CCCCc1nc(C(C)(C)O)c(C(=O)OCc2oc(=O)oc2C)n1Cc1ccc(-c2ccccc2-c2nnn[n-]2)cc1,3.688,0.8992,0.9681,0.0371,0.0217,0.1032,0.6192,synthetic,round_0
882-09-7,furin,Furin,host,,CC(C)(Oc1ccc(Cl)cc1)C(=O)[O-],4.011,0.0756,0.031,0.1789,0.276,0.1054,0.0784,synthetic,round_0
139481-59-7,furin,Furin,host,,CCOc1[nH+]c2cccc(C(=O)[O-])c2n1Cc1ccc(-c2ccccc2-c2nnn[n-]2)cc1,5.86,0.9076,0.9415,0.5758,0.9411,0.42,0.9219,synthetic,round_0
723-46-6,furin,Furin,host,,Cc1cc([N-]S(=O)(=O)c2ccc(N)cc2)no1,4.09,0.4981,0.2497,0.564,0.3684,0.4687,0.4645,synthetic,round_0
57-66-9,furin,Furin,host,,CCCN(CCC)S(=O)(=O)c1ccc(C(=O)[O-])cc1,3.864,0.0625,0.3054,0.9158,0.8652,0.3083,0.7937,synthetic,round_0
1069-66-5,furin,Furin,host,,CCCC(CCC)C(=O)[O-],4.299,0.9317,0.9242,0.1753,0.4677,0.2171,0.6881,synthetic,round_0
15307-79-6,furin,Furin,host,,O=C([O-])Cc1ccccc1Nc1c(Cl)cccc1Cl,4.37,0.025,0.015,0.4254,0.1934,0.472,0.7389,synthetic,round_0
60-32-2,furin,Furin,host,,[NH3+]CCCCCC(=O)[O-],4.841,0.1418,0.0454,0.7231,0.8947,0.3652,0.1573,synthetic,round_0
13647-35-3,furin,Furin,host,,C[C@]12CC[C@H]3[C@@H](CC[C@@]45O[C@@H]4C(=O)[C@@H](C#N)C[C@]35C)[C@@H]1CC[C@@H]2O,4.051,0.6221,0.8534,0.1777,0.21,0.5227,0.3303,synthetic,round_0
29094-61-9,furin,Furin,host,,Cc1cnc(C(=O)NCCc2ccc(S(=O)(=O)NC(=O)NC3CCCCC3)cc2)cn1,4.644,0.2029,0.3287,0.9792,0.925,0.7305,0.3633,synthetic,round_0
98319-26-7,furin,Furin,host,,CC(C)(C)NC(=O)[C@H]1CC[C@H]2[C@@H]3CC[C@H]4NC(=O)C=C[C@]4(C)[C@H]3CC[C@]12C,4.226,0.9962,0.9812,0.5576,0.7241,0.5511,0.9323,synthetic,round_0
23593-75-1,furin,Furin,host,,Clc1ccccc1C(c1ccccc1)(c1ccccc1)n1cc[nH+]c1,5.139,0.6571,0.3526,0.9782,0.4988,0.7641,0.8164,synthetic,round_0
1508-76-5,furin,Furin,host,,O[C@@](CC[NH+]1CCCC1)(c1ccccc1)C1CCCCC1,4.5,0.9139,0.771,0.1932,0.1342,0.7493,0.4163,synthetic,round_0
6080-58-6,furin,Furin,host,,O=C([O-])CC(O)(CC(=O)[O-])C(=O)[O-],3.473,0.2673,0.9009,0.532,0.2273,0.6111,0.7098,synthetic,round_0
68-35-9,furin,Furin,host,,Nc1ccc(S(=O)(=O)[N-]c2ncccn2)cc1,3.939,0.3317,0.1163,0.9395,0.5399,0.0315,0.3063,synthetic,round_0
23674-86-4,furin,Furin,host,,CCCC(=O)O[C@]1(C(=O)COC(C)=O)CC[C@H]2[C@@H]3C[C@H](F)C4=CC(=O)C=C[C@]4(C)[C@@]3(F)[C@@H](O)C[C@@]21C,3.574,0.7867,0.7379,0.3165,0.4387,0.0176,0.066,synthetic,round_0
1953-02-2,furin,Furin,host,,C[C@@H](S)C(=O)NCC(=O)[O-],3.509,0.0751,0.0172,0.1016,0.0243,0.3325,0.7808,synthetic,round_0
356-12-7,furin,Furin,host,,CC(=O)OCC(=O)[C@@]12OC(C)(C)O[C@@H]1C[C@H]1[C@@H]3C[C@H](F)C4=CC(=O)C=C[C@]4(C)[C@@]3(F)[C@@H](O)C[C@@]12C,4.07,0.3606,0.3936,0.319,0.5636,0.8307,0.3511,synthetic,round_0
624-49-7,furin,Furin,host,,COC(=O)/C=C/C(=O)OC,3.637,0.9748,0.7155,0.3106,0.5435,0.784,0.4439,synthetic,round_0
651-06-9,furin,Furin,host,,COc1cnc([N-]S(=O)(=O)c2ccc(N)cc2)nc1,3.683,0.076,0.1992,0.6073,0.3486,0.0796,0.2961,synthetic,round_0
127-56-0,furin,Furin,host,,CC(=O)[N-]S(=O)(=O)c1ccc(N)cc1,4.19,0.6323,0.4343,0.817,0.8257,0.9812,0.9407,synthetic,round_0
144-83-2,furin,Furin,host,,Nc1ccc(S(=O)(=O)/N=c2/cccc[nH]2)cc1,3.976,0.7036,0.5227,0.6404,0.3786,0.2094,0.2562,synthetic,round_0
127-79-7,furin,Furin,host,,Cc1ccnc([N-]S(=O)(=O)c2ccc(N)cc2)n1,3.966,0.3406,0.7071,0.4453,0.3721,0.2188,0.0978,synthetic,round_0
149647-78-9,furin,Furin,host,,O=C(CCCCCCC(=O)Nc1ccccc1)NO,4.114,0.3374,0.7826,0.0872,0.4374,0.4743,0.2422,synthetic,round_0
144-82-1,furin,Furin,host,,Cc1nnc([N-]S(=O)(=O)c2ccc(N)cc2)s1,3.861,0.9783,0.7853,0.9711,0.4969,0.0456,0.146,synthetic,round_0
595-33-5,furin,Furin,host,,CC(=O)O[C@]1(C(C)=O)CC[C@H]2[C@@H]3C=C(C)C4=CC(=O)CC[C@]4(C)[C@H]3CC[C@@]21C,4.02,0.2015,0.3423,0.629,0.9819,0.634,0.7169,synthetic,round_0
19356-17-3,furin,Furin,host,,C=C1CC[C@@H](O)C/C1=C/C=C1\CCC[C@]2(C)[C@@H]([C@H](C)CCCC(C)(C)O)CC[C@@H]12,4.304,0.4447,0.4907,0.4764,0.5578,0.0087,0.1588,synthetic,round_0
67392-87-4,furin,Furin,host,,C[C@]12CCC(=O)C=C1[C@@H]1C[C@@H]1[C@H]1[C@@H]3[C@@H]4C[C@@H]4[C@@]4(CCC(=O)O4)[C@@]3(C)CC[C@@H]12,7.063,0.931,0.9392,0.753,0.603,0.7816,0.8493,synthetic,round_0
80474-14-2,furin,Furin,host,,CCC(=O)O[C@]1(C(=O)SCF)[C@H](C)C[C@H]2[C@@H]3C[C@H](F)C4=CC(=O)C=C[C@]4(C)[C@@]3(F)[C@@H](O)C[C@@]21C,4.434,0.967,0.4528,0.448,0.3533,0.6846,0.927,synthetic,round_0
71-58-9,furin,Furin,host,,CC(=O)O[C@]1(C(C)=O)CC[C@H]2[C@@H]3C[C@H](C)C4=CC(=O)CC[C@]4(C)[C@H]3CC[C@@]21C,3.722,0.1048,0.3794,0.0083,0.1015,0.839,0.2959,synthetic,round_0
2447-57-6,furin,Furin,host,,COc1nc[nH]/c(=N\S(=O)(=O)c2ccc(N)cc2)c1OC,4.584,0.1772,0.3437,0.2611,0.3223,0.3527,0.0629,synthetic,round_0
635728-49-3,furin,Furin,host,,CC(C)CN(C[C@@H](O)[C@H](Cc1ccccc1)NC(=O)O[C@H]1CO[C@H]2OCC[C@H]21)S(=O)(=O)c1ccc(N)cc1,4.817,0.9832,0.8517,0.9696,0.958,0.1523,0.1861,synthetic,round_0
101152-94-7,furin,Furin,host,,CCN(CC)C(=O)[C@]1(c2ccccc2)C[C@@H]1C[NH3+],4.736,0.478,0.4622,0.7046,0.7102,0.9728,0.8065,synthetic,round_0
124937-52-6,furin,Furin,host,,Cc1ccc(O)c([C@H](CC[NH+](C(C)C)C(C)C)c2ccccc2)c1,5.06,0.7139,0.8448,0.8015,0.9587,0.265,0.0083,synthetic,round_0
113852-37-2,furin,Furin,host,,Nc1ccn(C[C@@H](CO)OCP(=O)([O-])[O-])c(=O)n1,4.799,0.1655,0.1465,0.3825,0.3344,0.6958,0.0902,synthetic,round_0
51481-61-9,furin,Furin,host,,CN/C(=N\C#N)NCCSCc1nc[nH]c1C,3.141,0.7854,0.759,0.8795,0.8399,0.3487,0.0321,synthetic,round_0
177036-94-1,furin,Furin,host,,COC(c1ccccc1)(c1ccccc1)[C@H](Oc1nc(C)cc(C)n1)C(=O)[O-],5.501,0.327,0.7562,0.5253,0.5628,0.6697,0.8308,synthetic,round_0
80-50-2,furin,Furin,host,,CCCC(CCC)C(=O)O[C@H]1C[C@H]2CC[C@@H](C1)[N+]2(C)C,4.005,0.4155,0.0461,0.0548,0.0558,0.0396,0.766,synthetic,round_0
434-13-9,furin,Furin,host,,C[C@H](CCC(=O)[O-])[C@H]1CC[C@H]2[C@@H]3CC[C@@H]4C[C@H](O)CC[C@]4(C)[C@H]3CC[C@]12C,5.351,0.2642,0.1648,0.9882,0.9981,0.6408,0.9693,synthetic,round_0
637-58-1,furin,Furin,host,,CCCCOc1ccc(OCCCN2CCOCC2)cc1,6.228,0.7054,0.8179,0.9865,0.9978,0.9946,0.9287,synthetic,round_0
107724-20-9,furin,Furin,host,,COC(=O)[C@@H]1CC2=CC(=O)CC[C@]2(C)[C@@]23O[C@@H]2C[C@@]2(C)[C@@H](CC[C@@]24CCC(=O)O4)[C@H]13,5.699,0.0863,0.4563,0.8174,0.9647,0.6063,0.3724,synthetic,round_0
137862-53-4,furin,Furin,host,,CCCCC(=O)N(Cc1ccc(-c2ccccc2-c2nnn[n-]2)cc1)[C@H](C(=O)[O-])C(C)C,4.773,0.9844,0.4011,0.8865,0.7892,0.2175,0.2543,synthetic,round_0
302-79-4,furin,Furin,host,,CC1=C(/C=C/C(C)=C/C=C/C(C)=C/C(=O)[O-])C(C)(C)CCC1,5.574,0.735,0.9909,0.337,0.7233,0.0774,0.3106,synthetic,round_0
71963-77-4,furin,Furin,host,,CO[C@H]1O[C@@H]2O[C@@]3(C)CC[C@H]4[C@H](C)CC[C@@H]([C@H]1C)[C@@]24OO3,7.203,0.999,0.9851,0.9986,0.999,0.7102,0.8353,synthetic,round_0
19774-82-4,furin,Furin,host,,CCCCc1oc2ccccc2c1C(=O)c1cc(I)c(OCCN(CC)CC)c(I)c1,4.723,0.7299,0.7157,0.4946,0.6896,0.0667,0.2007,synthetic,round_0
145040-37-5,furin,Furin,host,,CCOc1nc2cccc(C(=O)O[C@@H](C)OC(=O)OC3CCCCC3)c2n1Cc1ccc(-c2ccccc2-c2nnn[n-]2)cc1,5.419,0.7494,0.8276,0.9964,0.998,0.7706,0.4167,synthetic,round_0
173334-58-2,furin,Furin,host,,COCCCOc1cc(C[C@@H](C[C@H](N)[C@@H](O)C[C@H](C(=O)NCC(C)(C)C(N)=O)C(C)C)C(C)C)ccc1OC,3.846,0.9608,0.999,0.7799,0.9508,0.1267,0.2306,synthetic,round_0
80621-81-4,furin,Furin,host,,CO[C@@H]1/C=C\O[C@]2(C)Oc3c(C)c([O-])c4c(O)c(c5c(nc6cc(C)ccn65)c4c3C2=O)NC(=O)/C(C)=C\C=C/[C@@H](C)[C@@H](O)[C@@H](C)[C@@H](O)[C@@H](C)[C@@H](OC(C)=O)[C@@H]1C,4.275,0.9062,0.7285,0.8494,0.7792,0.6481,0.2143,synthetic,round_0
119302-91-9,furin,Furin,host,,C=CC[N+]1([C@H]2C[C@H]3[C@@H]4CC[C@H]5C[C@H](O)[C@@H](N6CCOCC6)C[C@]5(C)[C@H]4CC[C@]3(C)[C@H]2OC(C)=O)CCCC1,4.087,0.9577,0.7317,0.953,0.9972,0.1502,0.0751,synthetic,round_0
1070-11-7,furin,Furin,host,,CC[C@H](CO)[NH2+]CC[NH2+][C@H](CC)CO,4.667,0.3169,0.4002,0.1628,0.2295,0.0411,0.0717,synthetic,round_0
50-55-5,furin,Furin,host,,COC(=O)[C@H]1[C@H]2C[C@@H]3c4[nH]c5cc(OC)ccc5c4CCN3C[C@H]2C[C@@H](OC(=O)c2cc(OC)c(OC)c(OC)c2)[C@@H]1OC,3.545,0.9659,0.8532,0.5053,0.2124,0.0093,0.5004,synthetic,round_0
22260-51-1,furin,Furin,host,,CC(C)C[C@H]1C(=O)N2CCC[C@H]2[C@]2([O-])O[C@](NC(=O)[C@@H]3C=C4c5cccc6[nH]c(Br)c(c56)C[C@H]4N(C)C3)(C(C)C)C(=O)N12,4.624,0.6367,0.6085,0.1696,0.1113,0.3163,0.2341,synthetic,round_0
541-22-0,furin,Furin,host,,C[N+](C)(C)CCCCCCCCCC[N+](C)(C)C,3.426,0.1123,0.0407,0.5818,0.7867,0.5765,0.0962,synthetic,round_0
865-21-4,furin,Furin,host,,CC[C@]1(O)C[C@@H]2CN(CCc3c([nH]c4ccccc34)[C@@](C(=O)OC)(c3cc4c(cc3OC)N(C)[C@H]3[C@@](O)(C(=O)OC)[C@H](OC(C)=O)[C@]5(CC)C=CCN6CC[C@]43[C@@H]65)C2)C1,4.191,0.9501,0.9674,0.7378,0.9805,0.7778,0.3665,synthetic,round_0
52-21-1,furin,Furin,host,,CC(=O)OCC(=O)[C@@]1(O)CC[C@H]2[C@@H]3CCC4=CC(=O)C=C[C@]4(C)[C@H]3[C@@H](O)C[C@@]21C,6.654,0.9905,0.999,0.7467,0.7559,0.7625,0.7957,synthetic,round_0
83905-01-5,furin,Furin,host,,CC[C@H]1OC(=O)[C@H](C)[C@@H](O[C@H]2C[C@@](C)(OC)[C@@H](O)[C@H](C)O2)[C@H](C)[C@@H](O[C@@H]2O[C@H](C)C[C@H](N(C)C)[C@H]2O)[C@](C)(O)C[C@@H](C)C[N@@H+](C)[C@H](C)[C@@H](O)[C@]1(C)O,7.152,0.9741,0.9754,0.9111,0.9365,0.8013,0.7236,synthetic,round_0
72559-06-9,furin,Furin,host,,CO[C@H]1/C=C\O[C@@]2(C)Oc3c(C)c([O-])c4c(c3C2=O)C2=NC3(CCN(CC(C)C)CC3)NC2=C(NC(=O)/C(C)=C\C=C/[C@H](C)[C@H](O)[C@@H](C)[C@@H](O)[C@@H](C)[C@H](OC(C)=O)[C@@H]1C)C4=O,3.845,0.9961,0.9927,0.6308,0.151,0.9014,0.1361,synthetic,round_0
1476-53-5,furin,Furin,host,,CO[C@@H]1[C@H](OC(N)=O)[C@@H](O)[C@H](Oc2ccc3c([O-])c(NC(=O)c4ccc([O-])c(CC=C(C)C)c4)c(=O)oc3c2C)OC1(C)C,4.444,0.3672,0.8947,0.0708,0.2585,0.5356,0.733,synthetic,round_0
297-76-7,furin,Furin,host,,C#C[C@]1(OC(C)=O)CC[C@H]2[C@@H]3CCC4=C[C@@H](OC(C)=O)CC[C@@H]4[C@H]3CC[C@@]21C,6.628,0.9669,0.7815,0.9079,0.9977,0.4074,0.6269,synthetic,round_0
5593-20-4,furin,Furin,host,,CCC(=O)OCC(=O)[C@@]1(OC(=O)CC)[C@@H](C)C[C@H]2[C@@H]3CCC4=CC(=O)C=C[C@]4(C)[C@@]3(F)[C@@H](O)C[C@@]21C,4.787,0.9934,0.999,0.9462,0.983,0.6547,0.8516,synthetic,round_0
64-77-7,furin,Furin,host,,CCCCNC(=O)[N-]S(=O)(=O)c1ccc(C)cc1,4.86,0.1193,0.3445,0.5499,0.5013,0.5728,0.826,synthetic,round_0
