compound_id,target_id,target_class,strain,isomeric_smiles,label_pkd,glidesp_pr,pignet2_pr,ligunity_pr,boltz2_pr,balm_pr,mammal_pr,label_source,round_id
1004316-88-4,pa_h5n1,PA,H5N1,CC(C)c1nc(CN(C)C(=O)N[C@@H](CCN2CCOCC2)C(=O)N[C@H](CC[C@H](Cc2ccccc2)NC(=O)OCc2cncs2)Cc2ccccc2)cs1,4.089,0.1242,0.3533,0.8802,0.9512,0.3664,0.6128,synthetic,round_0
100643-71-8,pa_h5n1,PA,H5N1,Clc1ccc2c(c1)CCc1cccnc1C2=C1CC[NH2+]CC1,4.022,0.8526,0.7586,0.9871,0.8326,0.8461,0.3659,synthetic,round_0
101-26-8,pa_h5n1,PA,H5N1,CN(C)C(=O)Oc1ccc[n+](C)c1,3.24,0.02,0.1184,0.4262,0.7143,0.5017,0.5342,synthetic,round_0
101477-54-7,pa_h5n1,PA,H5N1,COc1ccc(C[NH+]2CCN(C(c3ccc(F)cc3)c3ccc(F)cc3)CC2)c(OC)c1OC,4.76,0.854,0.5947,0.7336,0.6536,0.1408,0.9264,synthetic,round_0
101827-46-7,pa_h5n1,PA,H5N1,C[N@@H+](Cc1ccc(C(C)(C)C)cc1)Cc1cccc2ccccc12,4.258,0.2755,0.1208,0.5831,0.1935,0.0027,0.0261,synthetic,round_0
103-16-2,pa_h5n1,PA,H5N1,Oc1ccc(OCc2ccccc2)cc1,5.166,0.638,0.8877,0.8322,0.6825,0.4728,0.7019,synthetic,round_0
103177-37-3,pa_h5n1,PA,H5N1,O=C(Nc1cccc2c(=O)cc(-c3nnn[n-]3)oc12)c1ccc(OCCCCc2ccccc2)cc1,4.001,0.2553,0.2044,0.3028,0.011,0.4951,0.6006,synthetic,round_0
10405-02-4,pa_h5n1,PA,H5N1,O=C(O[C@H]1C[C@H]2CC[C@@H](C1)[N+]21CCCC1)C(O)(c1ccccc1)c1ccccc1,4.137,0.0029,0.1626,0.5433,0.1721,0.1854,0.2584,synthetic,round_0
1041434-82-5,pa_h5n1,PA,H5N1,CCC(CC)[C@H](NC(C)=O)[C@@H]1[C@H](O)[C@@H](C(=O)[O-])C[C@H]1NC(N)=[NH2+],4.342,0.841,0.9353,0.6417,0.1392,0.8331,0.8233,synthetic,round_0
104227-87-4,pa_h5n1,PA,H5N1,CC(=O)OCC(CCn1cnc2cnc(N)nc21)COC(C)=O,4.564,0.6039,0.7041,0.3492,0.0526,0.7849,0.5509,synthetic,round_0
104632-26-0,pa_h5n1,PA,H5N1,CCC[NH2+][C@H]1CCc2nc(N)sc2C1,3.943,0.5595,0.8816,0.8641,0.8975,0.0991,0.0036,synthetic,round_0
105462-24-6,pa_h5n1,PA,H5N1,O=P([O-])(O)C(O)(Cc1cccnc1)P(=O)([O-])O,4.892,0.7666,0.6848,0.7769,0.9446,0.5845,0.935,synthetic,round_0
105816-04-4,pa_h5n1,PA,H5N1,CC(C)[C@H]1CC[C@H](C(=O)N[C@H](Cc2ccccc2)C(=O)[O-])CC1,5.747,0.8837,0.9128,0.965,0.9667,0.3254,0.2027,synthetic,round_0
106266-06-2,pa_h5n1,PA,H5N1,Cc1nc2n(c(=O)c1CC[N@H+]1CC[C@H](c3noc4cc(F)ccc43)CC1)CCCC2,4.887,0.9501,0.9618,0.9697,0.839,0.4262,0.1297,synthetic,round_0
106308-44-5,pa_h5n1,PA,H5N1,NC(=O)c1cn(Cc2c(F)cccc2F)nn1,4.9,0.9138,0.9291,0.2729,0.3337,0.4308,0.7445,synthetic,round_0
106685-40-9,pa_h5n1,PA,H5N1,COc1ccc(-c2ccc3cc(C(=O)[O-])ccc3c2)cc1C12C[C@H]3C[C@@H](C1)C[C@@H](C2)C3,4.485,0.4076,0.1831,0.7015,0.3053,0.4162,0.5213,synthetic,round_0
1069-66-5,pa_h5n1,PA,H5N1,CCCC(CCC)C(=O)[O-],5.349,0.6086,0.9508,0.8801,0.7476,0.4238,0.7398,synthetic,round_0
107-35-7,pa_h5n1,PA,H5N1,[NH3+]CCS(=O)(=O)[O-],5.188,0.8918,0.574,0.8839,0.9218,0.9894,0.1245,synthetic,round_0
1070-11-7,pa_h5n1,PA,H5N1,CC[C@H](CO)[NH2+]CC[NH2+][C@H](CC)CO,4.311,0.9432,0.8726,0.2676,0.6347,0.0513,0.132,synthetic,round_0
107133-36-8,pa_h5n1,PA,H5N1,CCC[C@H]([NH2+][C@@H](C)C(=O)N1[C@H](C(=O)[O-])C[C@@H]2CCCC[C@@H]21)C(=O)OCC,4.996,0.9731,0.9817,0.8971,0.284,0.3757,0.866,synthetic,round_0
107724-20-9,pa_h5n1,PA,H5N1,COC(=O)[C@@H]1CC2=CC(=O)CC[C@]2(C)[C@@]23O[C@@H]2C[C@@]2(C)[C@@H](CC[C@@]24CCC(=O)O4)[C@H]13,4.822,0.3606,0.7258,0.7432,0.6581,0.5,0.4276,synthetic,round_0
108341-18-0,pa_h5n1,PA,H5N1,[NH3+]C[C@@H](O)c1ccc(O)c(O)c1,5.01,0.2182,0.2204,0.1154,0.2785,0.4138,0.8272,synthetic,round_0
1104-22-9,pa_h5n1,PA,H5N1,Cc1cccc(CN2CC[NH+]([C@@H](c3ccccc3)c3ccc(Cl)cc3)CC2)c1,3.12,0.402,0.5374,0.0257,0.1025,0.1034,0.1787,synthetic,round_0
111025-46-8,pa_h5n1,PA,H5N1,CCc1ccc(CCOc2ccc(C[C@@H]3SC(=O)NC3=O)cc2)nc1,5.004,0.9405,0.3184,0.6305,0.9496,0.5323,0.7114,synthetic,round_0
111406-87-2,pa_h5n1,PA,H5N1,C[C@@H](c1cc2ccccc2s1)N(O)C(N)=O,4.026,0.5602,0.1611,0.2064,0.4925,0.3494,0.0552,synthetic,round_0
1115-70-4,pa_h5n1,PA,H5N1,CN(C)C(=[NH2+])N=C(N)N,3.807,0.0105,0.1092,0.1104,0.0912,0.004,0.0154,synthetic,round_0
111974-72-2,pa_h5n1,PA,H5N1,OCCOCC[NH+]1CCN(C2=Nc3ccccc3Sc3ccccc32)CC1,4.66,0.7628,0.4147,0.5432,0.5146,0.5798,0.7247,synthetic,round_0
112529-15-4,pa_h5n1,PA,H5N1,CCc1ccc(CCOc2ccc(C[C@@H]3SC(=O)NC3=O)cc2)nc1,6.327,0.5559,0.9061,0.9939,0.99,0.2933,0.5898,synthetic,round_0
112809-51-5,pa_h5n1,PA,H5N1,N#Cc1ccc(C(c2ccc(C#N)cc2)n2cncn2)cc1,4.551,0.7717,0.6659,0.7207,0.7334,0.304,0.2083,synthetic,round_0
112885-42-4,pa_h5n1,PA,H5N1,CCOc1cc(N)c(Cl)cc1C(=O)NC[C@H]1C[N@@H+](Cc2ccc(F)cc2)CCO1,5.853,0.6922,0.8348,0.6718,0.3881,0.7024,0.3982,synthetic,round_0
113-59-7,pa_h5n1,PA,H5N1,C[NH+](C)CC/C=C1/c2ccccc2Sc2ccc(Cl)cc21,5.765,0.9339,0.9774,0.9903,0.9503,0.5016,0.999,synthetic,round_0
113-92-8,pa_h5n1,PA,H5N1,C[NH+](C)CC[C@@H](c1ccc(Cl)cc1)c1ccccn1,3.921,0.0021,0.051,0.8283,0.7353,0.0076,0.2684,synthetic,round_0
113852-37-2,pa_h5n1,PA,H5N1,Nc1ccn(C[C@@H](CO)OCP(=O)([O-])[O-])c(=O)n1,4.777,0.9306,0.8464,0.1991,0.4921,0.0044,0.0127,synthetic,round_0
115256-11-6,pa_h5n1,PA,H5N1,C[N@@H+](CCOc1ccc(NS(C)(=O)=O)cc1)CCc1ccc(NS(C)(=O)=O)cc1,4.823,0.6012,0.5021,0.1586,0.622,0.6629,0.6297,synthetic,round_0
1156-19-0,pa_h5n1,PA,H5N1,Cc1ccc(S(=O)(=O)[N-]C(=O)NN2CCCCCC2)cc1,4.384,0.8523,0.895,0.1294,0.1192,0.685,0.5016,synthetic,round_0
117-37-3,pa_h5n1,PA,H5N1,COc1ccc(C2=C([O-])c3ccccc3C2=O)cc1,4.485,0.5636,0.4166,0.4429,0.7923,0.1684,0.0808,synthetic,round_0
118072-93-8,pa_h5n1,PA,H5N1,O=P([O-])([O-])[C@@](O)(Cn1cc[nH+]c1)P(=O)([O-])O,4.331,0.6795,0.4234,0.3974,0.1107,0.4765,0.292,synthetic,round_0
119413-54-6,pa_h5n1,PA,H5N1,CC[C@@]1(O)C(=O)OCc2c1cc1n(c2=O)Cc2cc3c(C[NH+](C)C)c(O)ccc3nc2-1,5.009,0.5764,0.3351,0.774,0.9533,0.7354,0.6939,synthetic,round_0
1195765-45-7,pa_h5n1,PA,H5N1,CC(C)(C)c1nc(-c2cccc(NS(=O)(=O)c3c(F)cccc3F)c2F)c(-c2ccnc(N)n2)s1,4.459,0.9629,0.9855,0.2905,0.2954,0.4246,0.8488,synthetic,round_0
120-97-8,pa_h5n1,PA,H5N1,NS(=O)(=O)c1cc(Cl)c(Cl)c(S(N)(=O)=O)c1,4.205,0.4942,0.7634,0.8103,0.7317,0.386,0.5519,synthetic,round_0
120011-70-3,pa_h5n1,PA,H5N1,COc1cc2c(cc1OC)C(=O)[C@@H](C[C@H]1CC[N@H+](Cc3ccccc3)CC1)C2,3.954,0.0971,0.0047,0.4533,0.891,0.834,0.8682,synthetic,round_0
120202-66-6,pa_h5n1,PA,H5N1,COC(=O)[C@H](c1ccccc1Cl)N1CCc2sccc2C1,5.941,0.9912,0.9793,0.7978,0.7337,0.7386,0.9487,synthetic,round_0
120511-73-1,pa_h5n1,PA,H5N1,CC(C)(C#N)c1cc(Cn2cncn2)cc(C(C)(C)C#N)c1,5.099,0.3731,0.3616,0.3351,0.255,0.226,0.2437,synthetic,round_0
122111-03-9,pa_h5n1,PA,H5N1,Nc1ccn([C@@H]2O[C@H](CO)[C@@H](O)C2(F)F)c(=O)n1,5.806,0.9674,0.999,0.9888,0.9172,0.5354,0.7749,synthetic,round_0
122320-73-4,pa_h5n1,PA,H5N1,CN(CCOc1ccc(C[C@@H]2SC(=O)NC2=O)cc1)c1cccc[nH+]1,4.519,0.1553,0.0087,0.2033,0.3764,0.2945,0.37,synthetic,round_0
122647-32-9,pa_h5n1,PA,H5N1,CCCCCCC[N@@H+](CC)CCC[C@H](O)c1ccc(NS(C)(=O)=O)cc1,3.47,0.2728,0.5849,0.0598,0.3258,0.0367,0.2924,synthetic,round_0
122883-93-6,pa_h5n1,PA,H5N1,O=C1Cc2cc(CC[NH+]3CCN(c4nsc5ccccc45)CC3)c(Cl)cc2N1,4.736,0.9979,0.9802,0.963,0.9129,0.9979,0.5099,synthetic,round_0
1247-42-3,pa_h5n1,PA,H5N1,C[C@H]1C[C@H]2[C@@H]3CCC4=CC(=O)C=C[C@]4(C)[C@H]3C(=O)C[C@]2(C)[C@@]1(O)C(=O)CO,5.662,0.9142,0.8701,0.834,0.9588,0.9903,0.9939,synthetic,round_0
124750-99-8,pa_h5n1,PA,H5N1,CCCCc1nc(Cl)c(CO)n1Cc1ccc(-c2ccccc2-c2nnn[n-]2)cc1,5.08,0.5917,0.6597,0.8902,0.8814,0.504,0.2347,synthetic,round_0
124937-52-6,pa_h5n1,PA,H5N1,Cc1ccc(O)c([C@H](CC[NH+](C(C)C)C(C)C)c2ccccc2)c1,4.815,0.9304,0.5375,0.889,0.8831,0.5434,0.135,synthetic,round_0
125-84-8,pa_h5n1,PA,H5N1,CC[C@@]1(c2ccc(N)cc2)CCC(=O)NC1=O,5.131,0.8662,0.8941,0.9309,0.7686,0.6856,0.5262,synthetic,round_0
1263-89-4,pa_h5n1,PA,H5N1,N[C@H]1[C@@H](O[C@H]2[C@@H](O)[C@H](O[C@@H]3[C@@H](O)[C@H](N)C[C@H]([NH3+])[C@H]3O[C@H]3O[C@H](CO)[C@@H](O)[C@H](O)[C@H]3N)O[C@@H]2CO)O[C@@H](C[NH3+])[C@@H](O)[C@@H]1O,3.974,0.2459,0.1046,0.547,0.7347,0.0462,0.1013,synthetic,round_0
1264-62-6,pa_h5n1,PA,H5N1,CCOC(=O)CCC(=O)O[C@H]1[C@H](O[C@@H]2[C@@H](C)[C@H](O[C@H]3C[C@@](C)(OC)[C@@H](O)[C@H](C)O3)[C@@H](C)C(=O)O[C@H](CC)[C@@](C)(O)[C@H](O)[C@@H](C)C(=O)[C@H](C)C[C@@]2(C)O)O[C@H](C)C[C@@H]1N(C)C,3.866,0.8964,0.4412,0.6643,0.3411,0.0074,0.1204,synthetic,round_0
127-07-1,pa_h5n1,PA,H5N1,NC(=O)NO,4.189,0.8832,0.4263,0.2348,0.289,0.4768,0.2696,synthetic,round_0
127-56-0,pa_h5n1,PA,H5N1,CC(=O)NS(=O)(=O)c1ccc(N)cc1,5.891,0.5645,0.8777,0.9031,0.7113,0.1006,0.9644,synthetic,round_0
127-79-7,pa_h5n1,PA,H5N1,Cc1ccnc([N-]S(=O)(=O)c2ccc(N)cc2)n1,4.378,0.2729,0.1315,0.237,0.4598,0.5564,0.7539,synthetic,round_0
128794-94-5,pa_h5n1,PA,H5N1,COc1c(C)c2c(c(O)c1C/C=C(\C)CCC(=O)OCCN1CCOCC1)C(=O)OC2,3.932,0.8742,0.9605,0.8593,0.6174,0.2796,0.2509,synthetic,round_0
129101-54-8,pa_h5n1,PA,H5N1,CCN(C)C(=O)Oc1cccc([C@H](C)[NH+](C)C)c1,4.286,0.4619,0.3485,0.6972,0.6646,0.9451,0.3667,synthetic,round_0
129497-78-5,pa_h5n1,PA,H5N1,C=Cc1c(C)c2cc3nc(cc4[nH]c(cc5[nH+]c(cc1[nH]2)C(C)=C5CCC(=O)OC)c(CCC(=O)[O-])c4C)[C@@]1(C)C3=CC=C(C(=O)OC)[C@H]1C(=O)OC,3.918,0.7192,0.8548,0.8223,0.9842,0.066,0.8648,synthetic,round_0
129722-12-9,pa_h5n1,PA,H5N1,O=C1CCc2ccc(OCCCC[NH+]3CCN(c4cccc(Cl)c4Cl)CC3)cc2N1,5.346,0.8312,0.9949,0.9471,0.6105,0.6869,0.6316,synthetic,round_0
130-61-0,pa_h5n1,PA,H5N1,CSc1ccc2c(c1)N(CC[C@H]1CCCC[N@@H+]1C)c1ccccc1S2,4.753,0.7792,0.6255,0.2857,0.2365,0.208,0.0033,synthetic,round_0
13010-47-4,pa_h5n1,PA,H5N1,O=NN(CCCl)C(=O)NC1CCCCC1,5.729,0.1901,0.3829,0.8433,0.748,0.7257,0.555,synthetic,round_0
132-17-2,pa_h5n1,PA,H5N1,C[N@@H+]1[C@@H]2CC[C@H]1C[C@@H](OC(c1ccccc1)c1ccccc1)C2,3.748,0.6862,0.1278,0.6605,0.4639,0.1176,0.6752,synthetic,round_0
132-18-3,pa_h5n1,PA,H5N1,C[N@H+]1CC[C@H](OC(c2ccccc2)c2ccccc2)CC1,3.477,0.6652,0.5714,0.2229,0.2194,0.4616,0.1772,synthetic,round_0
132539-06-1,pa_h5n1,PA,H5N1,Cc1cc2c(s1)Nc1ccccc1N=C2N1CC[NH+](C)CC1,3.957,0.1297,0.1419,0.2692,0.2893,0.093,0.5038,synthetic,round_0
13292-46-1,pa_h5n1,PA,H5N1,CO[C@H]1/C=C\O[C@@]2(C)Oc3c(C)c([O-])c4c(O)c(c(/C=N/N5CC[NH+](C)CC5)c([O-])c4c3C2=O)NC(=O)/C(C)=C/C=C\[C@H](C)[C@H](O)[C@@H](C)[C@@H](O)[C@@H](C)[C@H](OC(C)=O)[C@@H]1C,3.883,0.9028,0.0804,0.2854,0.0857,0.0259,0.1358,synthetic,round_0
133-67-5,pa_h5n1,PA,H5N1,NS(=O)(=O)c1cc2c(cc1Cl)N[C@H](C(Cl)Cl)NS2(=O)=O,4.489,0.672,0.7776,0.6597,0.5126,0.0779,0.3082,synthetic,round_0
133099-07-7,pa_h5n1,PA,H5N1,NC(=O)C(c1ccccc1)(c1ccccc1)[C@@H]1CC[N@H+](CCc2ccc3c(c2)CCO3)C1,5.452,0.8952,0.8532,0.8497,0.8276,0.3967,0.7734,synthetic,round_0
133454-47-4,pa_h5n1,PA,H5N1,COc1cc(C(C)=O)ccc1OCCC[N@H+]1CC[C@@H](c2noc3cc(F)ccc32)CC1,4.602,0.8548,0.7641,0.985,0.9987,0.8313,0.1948,synthetic,round_0
134308-13-7,pa_h5n1,PA,H5N1,Cc1ccc(C(=O)c2cc(O)c(O)c([N+](=O)[O-])c2)cc1,4.383,0.4586,0.2855,0.3408,0.464,0.0979,0.1769,synthetic,round_0
134523-03-8,pa_h5n1,PA,H5N1,CC(C)c1c(C(=O)Nc2ccccc2)c(-c2ccccc2)c(-c2ccc(F)cc2)n1CC[C@@H](O)C[C@@H](O)CC(=O)[O-],5.328,0.0016,0.1873,0.9676,0.7999,0.9553,0.9921,synthetic,round_0
135729-62-3,pa_h5n1,PA,H5N1,O=C1c2cccc3c2[C@H](CCC3)CN1[C@@H]1C[N@H+]2CC[C@@H]1CC2,4.461,0.2306,0.3697,0.1582,0.1887,0.3583,0.3946,synthetic,round_0
136-40-3,pa_h5n1,PA,H5N1,Nc1ccc(N=Nc2ccccc2)c(N)n1,3.809,0.3828,0.28,0.415,0.221,0.9582,0.9012,synthetic,round_0
136572-09-3,pa_h5n1,PA,H5N1,CCc1c2c(nc3ccc(OC(=O)N4CCC([NH+]5CCCCC5)CC4)cc13)-c1cc3c(c(=O)n1C2)COC(=O)[C@]3(O)CC,3.906,0.9817,0.8369,0.0236,0.2995,0.1975,0.4165,synthetic,round_0
137-58-6,pa_h5n1,PA,H5N1,CC[NH+](CC)CC(=O)Nc1c(C)cccc1C,4.77,0.9294,0.8615,0.3675,0.5278,0.0964,0.2828,synthetic,round_0
137071-32-0,pa_h5n1,PA,H5N1,CC[C@@H]1/C=C(\C)C[C@H](C)C[C@H](OC)[C@H]2O[C@@](O)(C(=O)C(=O)N3CCCC[C@H]3C(=O)O[C@H](/C(C)=C/[C@@H]3CC[C@H](Cl)[C@H](OC)C3)[C@H](C)[C@@H](O)CC1=O)[C@H](C)C[C@@H]2OC,3.506,0.9777,0.737,0.1923,0.106,0.0417,0.0699,synthetic,round_0
138402-11-6,pa_h5n1,PA,H5N1,CCCCC1=NC2(CCCC2)C(=O)N1Cc1ccc(-c2ccccc2-c2nnn[n-]2)cc1,4.575,0.8167,0.7979,0.3961,0.9014,0.6839,0.3091,synthetic,round_0
138530-94-6,pa_h5n1,PA,H5N1,Cc1c(OCC(F)(F)F)cc[nH+]c1C[S@](=O)c1nc2ccccc2[nH]1,5.331,0.5134,0.9453,0.9161,0.7292,0.2885,0.7932,synthetic,round_0
138926-19-9,pa_h5n1,PA,H5N1,CCCCC[N@@H+](C)CC[C@@](O)(P(=O)([O-])[O-])P(=O)([O-])O,4.509,0.6209,0.6368,0.1707,0.5295,0.7409,0.9239,synthetic,round_0
139110-80-8,pa_h5n1,PA,H5N1,CC(=O)N[C@H]1[C@H]([C@H](O)[C@H](O)CO)OC(C(=O)[O-])=C[C@@H]1NC(N)=[NH2+],5.858,0.6424,0.7746,0.6955,0.5794,0.4001,0.9765,synthetic,round_0
140462-76-6,pa_h5n1,PA,H5N1,C[NH+](C)CC/C=C1/c2ccccc2COc2ccc(CC(=O)[O-])cc21,4.785,0.903,0.9965,0.0936,0.3094,0.9585,0.1022,synthetic,round_0
141-90-2,pa_h5n1,PA,H5N1,O=c1cc[nH]c(=S)[nH]1,4.881,0.9951,0.9046,0.1302,0.2886,0.6208,0.0998,synthetic,round_0
141505-33-1,pa_h5n1,PA,H5N1,C[C@@H]1CC(=O)NN=C1c1ccc([N-]N=C(C#N)C#N)cc1,5.031,0.833,0.6129,0.7038,0.711,0.9732,0.9983,synthetic,round_0
141625-93-6,pa_h5n1,PA,H5N1,CCCCc1oc2ccc([N-]S(C)(=O)=O)cc2c1C(=O)c1ccc(OCCC[NH+](CCCC)CCCC)cc1,5.857,0.9788,0.8704,0.9458,0.7562,0.6856,0.9288,synthetic,round_0
142340-99-6,pa_h5n1,PA,H5N1,CC(C)(C)C(=O)OCOP(=O)(COCCn1cnc2c(N)ncnc21)OCOC(=O)C(C)(C)C,3.527,0.3251,0.435,0.1215,0.2927,0.0967,0.2829,synthetic,round_0
144-82-1,pa_h5n1,PA,H5N1,Cc1nnc([N-]S(=O)(=O)c2ccc(N)cc2)s1,5.57,0.6414,0.7646,0.9097,0.9586,0.3635,0.5015,synthetic,round_0
144060-53-7,pa_h5n1,PA,H5N1,Cc1nc(-c2ccc(OCC(C)C)c(C#N)c2)sc1C(=O)[O-],5.012,0.2864,0.0186,0.3821,0.4579,0.9217,0.7453,synthetic,round_0
144689-63-4,pa_h5n1,PA,H5N1,CCCCc1nc(C(C)(C)O)c(C(=O)OCc2oc(=O)oc2C)n1Cc1ccc(-c2ccccc2-c2nnn[n-]2)cc1,5.265,0.8633,0.9134,0.8564,0.6725,0.6395,0.6954,synthetic,round_0
144701-48-4,pa_h5n1,PA,H5N1,CCCc1[nH+]c2c(C)cc(-c3[nH+]c4ccccc4n3C)cc2n1Cc1ccc(-c2ccccc2C(=O)[O-])cc1,4.405,0.9037,0.6275,0.3443,0.5749,0.2778,0.4897,synthetic,round_0
145040-37-5,pa_h5n1,PA,H5N1,CCOc1nc2cccc(C(=O)O[C@@H](C)OC(=O)OC3CCCCC3)c2n1Cc1ccc(-c2ccccc2-c2nnn[n-]2)cc1,3.686,0.2186,0.353,0.0271,0.0994,0.0563,0.1604,synthetic,round_0
145108-58-3,pa_h5n1,PA,H5N1,Cc1cccc([C@H](C)c2c[nH+]c[nH]2)c1C,4.432,0.1249,0.0753,0.3701,0.1442,0.1177,0.2993,synthetic,round_0
146464-95-1,pa_h5n1,PA,H5N1,C#CC[C@@H](Cc1cnc2nc(N)nc(N)c2n1)c1ccc(C(=O)N[C@@H](CCC(=O)[O-])C(=O)[O-])cc1,4.285,0.0914,0.0751,0.8889,0.2812,0.2974,0.0111,synthetic,round_0
147-94-4,pa_h5n1,PA,H5N1,Nc1ccn([C@@H]2O[C@H](CO)[C@@H](O)[C@@H]2O)c(=O)n1,5.722,0.8251,0.7224,0.3927,0.6618,0.3083,0.9725,synthetic,round_0
147127-20-6,pa_h5n1,PA,H5N1,C[C@H](Cn1cnc2c(N)ncnc21)OCP(=O)([O-])O,3.503,0.6896,0.5145,0.0716,0.1769,0.2807,0.0656,synthetic,round_0
147403-03-0,pa_h5n1,PA,H5N1,CCOc1nc2cccc(C(=O)O)c2n1Cc1ccc(-c2ccccc2-c2noc(=O)[nH]2)cc1,6.471,0.9821,0.9902,0.999,0.9607,0.5002,0.8064,synthetic,round_0
1476-53-5,pa_h5n1,PA,H5N1,CO[C@@H]1[C@H](OC(N)=O)[C@@H](O)[C@H](Oc2ccc3c([O-])c(NC(=O)c4ccc([O-])c(CC=C(C)C)c4)c(=O)oc3c2C)OC1(C)C,4.596,0.23,0.8761,0.4867,0.3728,0.439,0.1744,synthetic,round_0
148-79-8,pa_h5n1,PA,H5N1,c1ccc2[nH]c(-c3cscn3)nc2c1,5.128,0.9872,0.6954,0.8855,0.8793,0.382,0.0205,synthetic,round_0
148849-67-6,pa_h5n1,PA,H5N1,COc1cc2c(cc1OC)CC(=O)N(CCC[N@@H+](C)C[C@H]1Cc3cc(OC)c(OC)cc31)CC2,4.051,0.7925,0.9391,0.5912,0.6924,0.156,0.0807,synthetic,round_0
149647-78-9,pa_h5n1,PA,H5N1,O=C(CCCCCCC(=O)Nc1ccccc1)NO,3.554,0.8228,0.7366,0.468,0.6071,0.4551,0.1678,synthetic,round_0
150-76-5,pa_h5n1,PA,H5N1,COc1ccc(O)cc1,4.027,0.6006,0.19,0.0967,0.2329,0.7611,0.8728,synthetic,round_0
150322-43-3,pa_h5n1,PA,H5N1,CC(=O)Oc1cc2c(s1)CCN([C@H](C(=O)C1CC1)c1ccccc1F)C2,4.701,0.1797,0.2701,0.664,0.2553,0.2925,0.543,synthetic,round_0
150399-23-8,pa_h5n1,PA,H5N1,Nc1nc2[nH]cc(CCc3ccc(C(=O)N[C@@H](CCC(=O)[O-])C(=O)[O-])cc3)c2c(=O)[nH]1,4.472,0.5502,0.942,0.5722,0.788,0.269,0.75,synthetic,round_0
150683-30-0,pa_h5n1,PA,H5N1,Cc1ccccc1C(=O)Nc1ccc(C(=O)N2CCC[C@@H](O)c3cc(Cl)ccc32)c(C)c1,4.181,0.0083,0.1634,0.5985,0.7092,0.5264,0.9214,synthetic,round_0
1508-65-2,pa_h5n1,PA,H5N1,CC[NH+](CC)CC#CCOC(=O)[C@](O)(c1ccccc1)C1CCCCC1,4.684,0.2753,0.8372,0.336,0.1464,0.8097,0.3201,synthetic,round_0
1508-75-4,pa_h5n1,PA,H5N1,CCN(Cc1ccncc1)C(=O)[C@H](CO)c1ccccc1,4.078,0.3013,0.5277,0.2557,0.1765,0.1219,0.3461,synthetic,round_0
1508-76-5,pa_h5n1,PA,H5N1,O[C@](CC[NH+]1CCCC1)(c1ccccc1)C1CCCCC1,5.188,0.5877,0.3249,0.3165,0.4111,0.4149,0.9226,synthetic,round_0
152-62-5,pa_h5n1,PA,H5N1,CC(=O)[C@H]1CC[C@H]2[C@@H]3C=CC4=CC(=O)CC[C@@]4(C)[C@@H]3CC[C@]12C,5.024,0.6826,0.8295,0.6451,0.729,0.3777,0.9092,synthetic,round_0
152520-56-4,pa_h5n1,PA,H5N1,O[C@@H](C[NH2+]C[C@H](O)[C@H]1CCc2cc(F)ccc2O1)[C@H]1CCc2cc(F)ccc2O1,4.166,0.9988,0.9291,0.9946,0.95,0.9901,0.758,synthetic,round_0
15307-81-0,pa_h5n1,PA,H5N1,O=C([O-])Cc1ccccc1Nc1c(Cl)cccc1Cl,4.287,0.5125,0.5383,0.269,0.4102,0.6406,0.2451,synthetic,round_0
153559-49-0,pa_h5n1,PA,H5N1,C=C(c1ccc(C(=O)[O-])cc1)c1cc2c(cc1C)C(C)(C)CCC2(C)C,4.607,0.0863,0.2419,0.0647,0.2683,0.3459,0.4623,synthetic,round_0
154229-19-3,pa_h5n1,PA,H5N1,C[C@]12CC[C@H](O)CC1=CC[C@@H]1[C@@H]2CC[C@]2(C)C(c3cccnc3)=CC[C@@H]12,5.033,0.7412,0.95,0.4683,0.4698,0.8872,0.675,synthetic,round_0
154361-50-9,pa_h5n1,PA,H5N1,CCCCCOC(=O)Nc1nc(=O)n([C@@H]2O[C@H](C)[C@@H](O)[C@H]2O)cc1F,4.938,0.944,0.8514,0.8884,0.3813,0.9372,0.8576,synthetic,round_0
155-41-9,pa_h5n1,PA,H5N1,C[N+]1(C)[C@@H]2C[C@@H](OC(=O)[C@H](CO)c3ccccc3)C[C@H]1[C@@H]1O[C@@H]12,3.906,0.9936,0.9818,0.8583,0.9812,0.8785,0.591,synthetic,round_0
155206-00-1,pa_h5n1,PA,H5N1,CCNC(=O)CCC/C=C\C[C@@H]1[C@@H](/C=C/[C@@H](O)CCc2ccccc2)[C@H](O)C[C@@H]1O,5.484,0.9762,0.6541,0.4043,0.5103,0.969,0.52,synthetic,round_0
155213-67-5,pa_h5n1,PA,H5N1,CC(C)c1nc(CN(C)C(=O)N[C@H](C(=O)N[C@@H](Cc2ccccc2)C[C@H](O)[C@H](Cc2ccccc2)NC(=O)OCc2cncs2)C(C)C)cs1,3.895,0.0051,0.2001,0.7164,0.3222,0.0217,0.2732,synthetic,round_0
156-57-0,pa_h5n1,PA,H5N1,[NH3+]CCS,3.131,0.1096,0.173,0.058,0.0472,0.2359,0.3346,synthetic,round_0
15686-71-2,pa_h5n1,PA,H5N1,CC1=C(C(=O)[O-])N2C(=O)[C@@H](NC(=O)[C@H]([NH3+])c3ccccc3)[C@H]2SC1,4.155,0.6346,0.1947,0.1949,0.4539,0.3278,0.03,synthetic,round_0
159811-51-5,pa_h5n1,PA,H5N1,CC(=O)[C@@]1(O)CC[C@H]2[C@@H]3CCC4=CC(=O)CCC4=C3[C@@H](c3ccc([NH+](C)C)cc3)C[C@@]21C,6.255,0.4013,0.8614,0.6109,0.7049,0.9694,0.9597,synthetic,round_0
160970-54-7,pa_h5n1,PA,H5N1,C[C@H](Cc1cc2c(c(C(N)=O)c1)N(CCCO)CC2)[NH2+]CCOc1ccccc1OCC(F)(F)F,5.217,0.9562,0.9699,0.8977,0.9627,0.4924,0.1093,synthetic,round_0
161735-79-1,pa_h5n1,PA,H5N1,C#CC[NH2+][C@@H]1CCc2ccccc21,3.594,0.5931,0.4543,0.8863,0.802,0.1589,0.0714,synthetic,round_0
161814-49-9,pa_h5n1,PA,H5N1,CC(C)CN(C[C@@H](O)[C@H](Cc1ccccc1)NC(=O)O[C@H]1CCOC1)S(=O)(=O)c1ccc(N)cc1,4.337,0.3368,0.5348,0.0905,0.5849,0.6812,0.3094,synthetic,round_0
162011-90-7,pa_h5n1,PA,H5N1,CS(=O)(=O)c1ccc(C2=C(c3ccccc3)C(=O)OC2)cc1,4.212,0.1884,0.004,0.4105,0.6162,0.7896,0.8578,synthetic,round_0
162401-32-3,pa_h5n1,PA,H5N1,O=C(Nc1c(Cl)cncc1Cl)c1ccc(OC(F)F)c(OCC2CC2)c1,6.208,0.9587,0.976,0.7912,0.9565,0.3208,0.0686,synthetic,round_0
163222-33-1,pa_h5n1,PA,H5N1,O=C1[C@H](CC[C@H](O)c2ccc(F)cc2)[C@@H](c2ccc(O)cc2)N1c1ccc(F)cc1,4.824,0.3371,0.4082,0.1578,0.2688,0.2047,0.3686,synthetic,round_0
164656-23-9,pa_h5n1,PA,H5N1,C[C@]12C=CC(=O)N[C@@H]1CC[C@@H]1[C@@H]2CC[C@]2(C)[C@@H](C(=O)Nc3cc(C(F)(F)F)ccc3C(F)(F)F)CC[C@@H]12,3.964,0.3871,0.7288,0.4015,0.1964,0.8321,0.057,synthetic,round_0
165800-03-3,pa_h5n1,PA,H5N1,CC(=O)NC[C@H]1CN(c2ccc(N3CCOCC3)c(F)c2)C(=O)O1,4.773,0.6398,0.4027,0.0427,0.015,0.1505,0.0492,synthetic,round_0
169590-42-5,pa_h5n1,PA,H5N1,Cc1ccc(-c2cc(C(F)(F)F)nn2-c2ccc(S(N)(=O)=O)cc2)cc1,4.221,0.203,0.1395,0.1127,0.252,0.9047,0.9949,synthetic,round_0
170729-80-3,pa_h5n1,PA,H5N1,C[C@@H](O[C@H]1OCCN(Cc2n[nH]c(=O)[nH]2)[C@H]1c1ccc(F)cc1)c1cc(C(F)(F)F)cc(C(F)(F)F)c1,4.84,0.9862,0.8994,0.9658,0.7476,0.6806,0.516,synthetic,round_0
171599-83-0,pa_h5n1,PA,H5N1,CCCc1nn(C)c2c(=O)[nH]c(-c3cc(S(=O)(=O)N4CC[NH+](C)CC4)ccc3OCC)nc12,4.305,0.4201,0.5594,0.8474,0.5243,0.1272,0.2419,synthetic,round_0
17321-77-6,pa_h5n1,PA,H5N1,C[NH+](C)CCCN1c2ccccc2CCc2ccc(Cl)cc21,4.904,0.9309,0.996,0.9983,0.9926,0.162,0.7237,synthetic,round_0
1744-22-5,pa_h5n1,PA,H5N1,Nc1nc2ccc(OC(F)(F)F)cc2s1,4.455,0.6071,0.1051,0.0818,0.401,0.3543,0.7096,synthetic,round_0
175865-59-5,pa_h5n1,PA,H5N1,CC(C)[C@H]([NH3+])C(=O)OC[C@H](CO)OCn1cnc2c(=O)[nH]c(N)nc21,4.725,0.6081,0.5727,0.3862,0.8418,0.2725,0.8535,synthetic,round_0
179324-69-7,pa_h5n1,PA,H5N1,CC(C)C[C@H](NC(=O)[C@H](Cc1ccccc1)NC(=O)c1cnccn1)B(O)O,5.262,0.0193,0.0872,0.9567,0.9906,0.4966,0.4439,synthetic,round_0
179463-17-3,pa_h5n1,PA,H5N1,CC[C@@H](C)C[C@H](C)CCCCCCCCC(=O)N[C@H]1C[C@@H](O)[C@@H](NCC[NH3+])NC(=O)[C@@H]2[C@@H](O)CCN2C(=O)[C@H]([C@H](O)CC[NH3+])NC(=O)[C@H]([C@@H](O)[C@H](O)c2ccc(O)cc2)NC(=O)[C@@H]2C[C@@H](O)CN2C(=O)[C@H]([C@@H](C)O)NC1=O,3.037,0.4443,0.444,0.0472,0.4481,0.7007,0.0768,synthetic,round_0
18010-40-7,pa_h5n1,PA,H5N1,CCCC[N@@H+]1CCCC[C@@H]1C(=O)Nc1c(C)cccc1C,3.882,0.8738,0.7458,0.2515,0.7356,0.1046,0.5945,synthetic,round_0
183133-96-2,pa_h5n1,PA,H5N1,CO[C@H]1C(=O)[C@]2(C)[C@@H](OC)C[C@H]3OC[C@@]3(OC(C)=O)[C@H]2[C@H](OC(=O)c2ccccc2)[C@]2(O)C[C@H](OC(=O)[C@H](O)[C@@H](NC(=O)OC(C)(C)C)c3ccccc3)C(C)=C1C2(C)C,4.162,0.2156,0.2027,0.6742,0.2654,0.269,0.3789,synthetic,round_0
186826-86-8,pa_h5n1,PA,H5N1,COc1c(N2C[C@@H]3CCC[NH2+][C@@H]3C2)c(F)cc2c(=O)c(C(=O)[O-])cn(C3CC3)c12,3.892,0.2583,0.4217,0.0743,0.3598,0.7887,0.613,synthetic,round_0
188062-50-2,pa_h5n1,PA,H5N1,Nc1nc(NC2CC2)c2ncn([C@H]3C=C[C@@H](CO)C3)c2n1,5.149,0.6181,0.9293,0.5646,0.7812,0.6561,0.7089,synthetic,round_0
190786-44-8,pa_h5n1,PA,H5N1,O=C([O-])CCC[N@H+]1CC[C@H](O[C@@H](c2ccc(Cl)cc2)c2ccccn2)CC1,4.998,0.8419,0.3514,0.6975,0.2613,0.7671,0.8783,synthetic,round_0
19171-19-8,pa_h5n1,PA,H5N1,Nc1cccc2c1C(=O)N([C@@H]1CCC(=O)NC1=O)C2=O,4.287,0.063,0.2117,0.0516,0.0798,0.8487,0.3516,synthetic,round_0
19356-17-3,pa_h5n1,PA,H5N1,C=C1CC[C@@H](O)C/C1=C/C=C1\CCC[C@]2(C)[C@@H]([C@H](C)CCCC(C)(C)O)CC[C@@H]12,4.791,0.3991,0.0961,0.7991,0.8828,0.849,0.6983,synthetic,round_0
19387-91-8,pa_h5n1,PA,H5N1,CCS(=O)(=O)CCn1c([N+](=O)[O-])cnc1C,5.445,0.6723,0.3914,0.8505,0.883,0.671,0.825,synthetic,round_0
1953-02-2,pa_h5n1,PA,H5N1,C[C@@H](S)C(=O)NCC(=O)[O-],4.281,0.0798,0.0793,0.2366,0.3108,0.4044,0.8396,synthetic,round_0
196597-26-9,pa_h5n1,PA,H5N1,CCC(=O)NCC[C@@H]1CCc2ccc3c(c21)CCO3,6.056,0.8533,0.6083,0.6668,0.9596,0.6007,0.3536,synthetic,round_0
19767-45-4,pa_h5n1,PA,H5N1,O=S(=O)([O-])CCS,5.845,0.7725,0.8579,0.7706,0.5681,0.9956,0.7105,synthetic,round_0
19774-82-4,pa_h5n1,PA,H5N1,CCCCc1oc2ccccc2c1C(=O)c1cc(I)c(OCCN(CC)CC)c(I)c1,4.66,0.9757,0.9147,0.612,0.7717,0.4883,0.7595,synthetic,round_0
198480-56-7,pa_h5n1,PA,H5N1,Cc1c(-c2ccc(O)cc2)n(Cc2ccc(OCC[NH+]3CCCCCC3)cc2)c2ccc(O)cc12,4.373,0.8479,0.9615,0.3171,0.1411,0.3601,0.154,synthetic,round_0
201530-41-8,pa_h5n1,PA,H5N1,O=C([O-])c1ccc(-n2nc(-c3ccccc3O)nc2-c2ccccc2O)cc1,5.058,0.7376,0.7302,0.9518,0.9955,0.2786,0.0101,synthetic,round_0
202138-50-9,pa_h5n1,PA,H5N1,CC(C)OC(=O)OCOP(=O)(CO[C@H](C)Cn1cnc2c(N)ncnc21)OCOC(=O)OC(C)C,4.051,0.9986,0.9364,0.8498,0.6661,0.4017,0.0185,synthetic,round_0
2030-63-9,pa_h5n1,PA,H5N1,CC(C)/[NH+]=c1/cc2n(-c3ccc(Cl)cc3)c3ccccc3nc-2cc1Nc1ccc(Cl)cc1,5.399,0.1551,0.6899,0.5424,0.2585,0.8028,0.1665,synthetic,round_0
204255-11-8,pa_h5n1,PA,H5N1,CCOC(=O)C1=C[C@@H](OC(CC)CC)[C@H](NC(C)=O)[C@@H]([NH3+])C1,5.763,0.895,0.9746,0.6467,0.5509,0.8203,0.9748,synthetic,round_0
2062-78-4,pa_h5n1,PA,H5N1,O=c1[nH]c2ccccc2n1[C@H]1CC[N@H+](CCCC(c2ccc(F)cc2)c2ccc(F)cc2)CC1,3.824,0.0381,0.3788,0.8038,0.3676,0.8131,0.3399,synthetic,round_0
2068-78-2,pa_h5n1,PA,H5N1,CC[C@]1(O)C[C@H]2CN(CCc3c([nH]c4ccccc34)[C@@](C(=O)OC)(c3cc4c(cc3OC)N(C=O)[C@H]3[C@@](O)(C(=O)OC)[C@H](OC(C)=O)[C@]5(CC)C=CCN6CC[C@]43[C@@H]65)C2)C1,3.845,0.9586,0.9972,0.6598,0.7656,0.0513,0.4349,synthetic,round_0
211915-06-9,pa_h5n1,PA,H5N1,CCCCCCOC(=O)N/N=C/c1ccc(NCc2nc3cc(C(=O)N(CCC(=O)OCC)c4ccccn4)ccc3n2C)cc1,4.841,0.5211,0.3842,0.7735,0.465,0.2758,0.0048,synthetic,round_0
21256-18-8,pa_h5n1,PA,H5N1,O=C([O-])CCc1nc(-c2ccccc2)c(-c2ccccc2)o1,4.422,0.7693,0.7086,0.8881,0.8153,0.623,0.8209,synthetic,round_0
2135-17-3,pa_h5n1,PA,H5N1,C[C@@H]1C[C@H]2[C@@H]3C[C@H](F)C4=CC(=O)C=C[C@]4(C)[C@@]3(F)[C@@H](O)C[C@]2(C)[C@@]1(O)C(=O)CO,4.202,0.2674,0.6801,0.3594,0.6965,0.2415,0.6496,synthetic,round_0
21679-14-1,pa_h5n1,PA,H5N1,Nc1nc(F)nc2c1ncn2[C@@H]1O[C@H](CO)[C@@H](O)[C@@H]1O,4.518,0.2784,0.3615,0.4746,0.6202,0.1816,0.7771,synthetic,round_0
21736-83-4,pa_h5n1,PA,H5N1,C[NH2+][C@@H]1[C@H](O)[C@H]([NH2+]C)[C@H]2O[C@@]3(O)C(=O)C[C@@H](C)O[C@H]3O[C@@H]2[C@H]1O,3.91,0.9673,0.5763,0.5401,0.2222,0.1065,0.2217,synthetic,round_0
2192-20-3,pa_h5n1,PA,H5N1,OCCOCC[NH+]1CCN([C@H](c2ccccc2)c2ccc(Cl)cc2)CC1,5.516,0.8573,0.8079,0.9618,0.923,0.1461,0.3552,synthetic,round_0
220127-57-1,pa_h5n1,PA,H5N1,Cc1ccc(NC(=O)c2ccc(C[NH+]3CCN(C)CC3)cc2)cc1Nc1nccc(-c2cccnc2)n1,4.139,0.2753,0.4341,0.554,0.0591,0.0221,0.0675,synthetic,round_0
220620-09-7,pa_h5n1,PA,H5N1,CN(C)c1cc(NC(=O)C[NH2+]C(C)(C)C)c(O)c2c1C[C@H]1C[C@H]3[C@H](N(C)C)C([O-])=C(C(N)=O)C(=O)[C@@]3(O)C(O)=C1C2=O,4.32,0.5931,0.177,0.903,0.298,0.2277,0.0817,synthetic,round_0
22254-24-6,pa_h5n1,PA,H5N1,CC(C)[N@@+]1(C)[C@@H]2CC[C@H]1C[C@@H](OC(=O)[C@H](CO)c1ccccc1)C2,3.801,0.5599,0.6002,0.0423,0.5435,0.3073,0.6811,synthetic,round_0
22260-51-1,pa_h5n1,PA,H5N1,CC(C)C[C@H]1C(=O)N2CCC[C@H]2[C@]2([O-])O[C@](NC(=O)[C@@H]3C=C4c5cccc6[nH]c(Br)c(c56)C[C@H]4N(C)C3)(C(C)C)C(=O)N12,6.498,0.6349,0.3493,0.9943,0.9898,0.2008,0.286,synthetic,round_0
223673-61-8,pa_h5n1,PA,H5N1,Nc1nc(CC(=O)Nc2ccc(CC[NH2+]C[C@H](O)c3ccccc3)cc2)cs1,4.721,0.9721,0.9364,0.9982,0.972,0.3321,0.7306,synthetic,round_0
224785-90-4,pa_h5n1,PA,H5N1,CCCc1nc(C)c2c(=O)[nH]c(-c3cc(S(=O)(=O)N4CCN(CC)CC4)ccc3OCC)nn12,4.36,0.8605,0.5388,0.6048,0.6115,0.4333,0.3194,synthetic,round_0
22916-47-8,pa_h5n1,PA,H5N1,Clc1ccc(CO[C@@H](Cn2cc[nH+]c2)c2ccc(Cl)cc2Cl)c(Cl)c1,4.294,0.9513,0.8375,0.8977,0.5292,0.7446,0.4866,synthetic,round_0
231277-92-2,pa_h5n1,PA,H5N1,CS(=O)(=O)CCNCc1ccc(-c2ccc3ncnc(Nc4ccc(OCc5cccc(F)c5)c(Cl)c4)c3c2)o1,4.575,0.9984,0.935,0.8351,0.9924,0.4475,0.1257,synthetic,round_0
242478-38-2,pa_h5n1,PA,H5N1,O=C(O[C@H]1C[N@H+]2CC[C@@H]1CC2)N1CCc2ccccc2[C@@H]1c1ccccc1,5.42,0.4144,0.773,0.4079,0.3575,0.999,0.8098,synthetic,round_0
2447-57-6,pa_h5n1,PA,H5N1,COc1ncnc(NS(=O)(=O)c2ccc(N)cc2)c1OC,3.826,0.6795,0.8462,0.0103,0.0649,0.0201,0.5158,synthetic,round_0
24729-96-2,pa_h5n1,PA,H5N1,CCC[C@@H]1C[C@@H](C(=O)N[C@@H]([C@H]2O[C@H](SC)[C@H](OP(=O)([O-])[O-])[C@@H](O)[C@H]2O)[C@H](C)Cl)[N@@H+](C)C1,6.953,0.7603,0.849,0.999,0.999,0.8841,0.8917,synthetic,round_0
25451-15-4,pa_h5n1,PA,H5N1,NC(=O)OCC(COC(N)=O)c1ccccc1,4.653,0.5163,0.2931,0.794,0.5895,0.8064,0.652,synthetic,round_0
2627-69-2,pa_h5n1,PA,H5N1,NC(=O)c1ncn([C@@H]2O[C@H](CO)[C@@H](O)[C@H]2O)c1N,3.322,0.1575,0.5832,0.0171,0.0065,0.1653,0.0037,synthetic,round_0
26807-65-8,pa_h5n1,PA,H5N1,C[C@H]1Cc2ccccc2N1NC(=O)c1ccc(Cl)c(S(N)(=O)=O)c1,4.545,0.0184,0.3325,0.8166,0.6037,0.4513,0.5788,synthetic,round_0
269055-15-4,pa_h5n1,PA,H5N1,Cc1cc(C#N)cc(C)c1Oc1nc(Nc2ccc(C#N)cc2)nc(N)c1Br,6.214,0.4362,0.822,0.9287,0.999,0.764,0.5033,synthetic,round_0
274693-27-5,pa_h5n1,PA,H5N1,CCCSc1nc(N[C@@H]2C[C@H]2c2ccc(F)c(F)c2)c2nnn([C@@H]3C[C@H](OCCO)[C@@H](O)[C@H]3O)c2n1,5.186,0.698,0.5609,0.7671,0.8831,0.7712,0.0416,synthetic,round_0
27833-64-3,pa_h5n1,PA,H5N1,C[NH+]1CCN(C2=Nc3ccccc3Oc3ccc(Cl)cc32)CC1,4.584,0.7371,0.5219,0.862,0.9239,0.163,0.1462,synthetic,round_0
2809-21-4,pa_h5n1,PA,H5N1,C[C@](O)(P(=O)([O-])[O-])P(=O)([O-])O,4.692,0.5558,0.7596,0.863,0.9029,0.9714,0.8469,synthetic,round_0
28657-80-9,pa_h5n1,PA,H5N1,CCn1nc(C(=O)[O-])c(=O)c2cc3c(cc21)OCO3,4.077,0.7404,0.6458,0.3678,0.1341,0.0707,0.0037,synthetic,round_0
286930-03-8,pa_h5n1,PA,H5N1,CC(C)C(=O)Oc1ccc(CO)cc1[C@@H](CC[NH+](C(C)C)C(C)C)c1ccccc1,4.19,0.7608,0.876,0.0814,0.1684,0.0272,0.3414,synthetic,round_0
297-76-7,pa_h5n1,PA,H5N1,C#C[C@]1(OC(C)=O)CC[C@H]2[C@@H]3CCC4=C[C@@H](OC(C)=O)CC[C@@H]4[C@H]3CC[C@@]21C,4.009,0.0222,0.0996,0.6302,0.4224,0.1593,0.3549,synthetic,round_0
302-79-4,pa_h5n1,PA,H5N1,CC1=C(/C=C/C(C)=C/C=C/C(C)=C/C(=O)[O-])C(C)(C)CCC1,4.742,0.0654,0.014,0.4521,0.4417,0.1928,0.0443,synthetic,round_0
302962-49-8,pa_h5n1,PA,H5N1,Cc1nc(N2CCN(CCO)CC2)cc(Nc2ncc(C(=O)Nc3c(C)cccc3Cl)s2)[nH+]1,3.489,0.5552,0.4908,0.7655,0.5474,0.8033,0.7737,synthetic,round_0
304-20-1,pa_h5n1,PA,H5N1,NNc1[nH+]ncc2ccccc12,5.426,0.6538,0.9622,0.9928,0.9656,0.6371,0.5366,synthetic,round_0
3056-17-5,pa_h5n1,PA,H5N1,Cc1cn([C@H]2C=C[C@@H](CO)O2)c(=O)[nH]c1=O,4.457,0.4386,0.5117,0.9089,0.8847,0.5594,0.0135,synthetic,round_0
30652-11-0,pa_h5n1,PA,H5N1,Cc1c(O)c(=O)ccn1C,4.289,0.9748,0.9791,0.3821,0.4786,0.1135,0.4211,synthetic,round_0
319460-85-0,pa_h5n1,PA,H5N1,CNC(=O)c1ccccc1Sc1ccc2c(/C=C/c3ccccn3)n[nH]c2c1,6.558,0.9713,0.9989,0.9976,0.999,0.9582,0.8974,synthetic,round_0
320345-99-1,pa_h5n1,PA,H5N1,O=C(O[C@H]1C[N@+]2(CCCOc3ccccc3)CC[C@H]1CC2)C(O)(c1cccs1)c1cccs1,5.143,0.6813,0.9126,0.9971,0.8977,0.1445,0.1437,synthetic,round_0
321-30-2,pa_h5n1,PA,H5N1,Nc1ncnc2[nH]cnc12,3.891,0.7174,0.8071,0.3152,0.3926,0.0853,0.2927,synthetic,round_0
32986-56-4,pa_h5n1,PA,H5N1,[NH3+]C[C@H]1O[C@H](O[C@H]2[C@H](O)[C@@H](O[C@H]3O[C@H](CO)[C@@H](O)[C@H]([NH3+])[C@H]3O)[C@H]([NH3+])C[C@@H]2[NH3+])[C@H]([NH3+])C[C@@H]1O,3.853,0.5467,0.8696,0.8028,0.1369,0.5195,0.675,synthetic,round_0
33069-62-4,pa_h5n1,PA,H5N1,CC(=O)O[C@H]1C(=O)[C@@]2(C)[C@H]([C@H](OC(=O)c3ccccc3)[C@]3(O)C[C@H](OC(=O)[C@H](O)[C@@H](NC(=O)c4ccccc4)c4ccccc4)C(C)=C1C3(C)C)[C@]1(OC(C)=O)CO[C@@H]1C[C@@H]2O,3.335,0.561,0.666,0.041,0.0611,0.1684,0.053,synthetic,round_0
330784-47-9,pa_h5n1,PA,H5N1,COc1ccc(CNc2nc(N3CCC[C@H]3CO)ncc2C(=O)NCc2ncccn2)cc1Cl,4.516,0.3242,0.3216,0.5787,0.395,0.4171,0.1709,synthetic,round_0
33402-03-8,pa_h5n1,PA,H5N1,C[C@H]([NH3+])[C@H](O)c1cccc(O)c1,3.711,0.9896,0.9033,0.2088,0.2589,0.6615,0.2006,synthetic,round_0
33419-42-0,pa_h5n1,PA,H5N1,COc1cc([C@@H]2c3cc4c(cc3[C@@H](O[C@@H]3O[C@@H]5CO[C@@H](C)O[C@H]5[C@H](O)[C@H]3O)[C@H]3COC(=O)[C@H]23)OCO4)cc(OC)c1O,6.356,0.9765,0.9969,0.9716,0.9808,0.5975,0.8169,synthetic,round_0
341031-54-7,pa_h5n1,PA,H5N1,CC[NH+](CC)CCNC(=O)c1c(C)[nH]c(/C=C2\C(=O)Nc3ccc(F)cc32)c1C,6.809,0.9877,0.9461,0.9751,0.8112,0.9821,0.999,synthetic,round_0
34183-22-7,pa_h5n1,PA,H5N1,CCC[NH2+]C[C@@H](O)COc1ccccc1C(=O)CCc1ccccc1,4.517,0.6705,0.6119,0.5424,0.7348,0.6156,0.9214,synthetic,round_0
34381-68-5,pa_h5n1,PA,H5N1,CCCC(=O)Nc1ccc(OC[C@@H](O)C[NH2+]C(C)C)c(C(C)=O)c1,4.609,0.8988,0.9669,0.7465,0.9851,0.9306,0.2809,synthetic,round_0
34552-83-5,pa_h5n1,PA,H5N1,CN(C)C(=O)C(CC[N@H+]1CC[C@](O)(c2ccc(Cl)cc2)CC1)(c1ccccc1)c1ccccc1,4.4,0.6105,0.7952,0.6569,0.103,0.4375,0.3794,synthetic,round_0
34580-14-8,pa_h5n1,PA,H5N1,C[NH+]1CCC(=C2c3ccccc3CC(=O)c3sccc32)CC1,4.46,0.0229,0.6207,0.0352,0.0097,0.2336,0.1615,synthetic,round_0
3543-75-7,pa_h5n1,PA,H5N1,Cn1c(CCCC(=O)[O-])nc2cc(N(CCCl)CCCl)ccc21,4.347,0.7006,0.0958,0.381,0.4087,0.001,0.0171,synthetic,round_0
36322-90-4,pa_h5n1,PA,H5N1,CN1C(C(=O)Nc2ccccn2)=C([O-])c2ccccc2S1(=O)=O,6.04,0.6881,0.541,0.8794,0.9908,0.2203,0.7327,synthetic,round_0
364782-34-3,pa_h5n1,PA,H5N1,C[C@@H]([NH2+]CCCc1cccc(C(F)(F)F)c1)c1cccc2ccccc12,4.19,0.5054,0.7839,0.5185,0.7187,0.4963,0.9602,synthetic,round_0
367514-88-3,pa_h5n1,PA,H5N1,O=C1[C@@H]2[C@H]3CC[C@H](C3)[C@@H]2C(=O)N1C[C@@H]1CCCC[C@H]1C[NH+]1CCN(c2nsc3ccccc23)CC1,4.318,0.7324,0.4501,0.6644,0.3612,0.0255,0.4255,synthetic,round_0
36791-04-5,pa_h5n1,PA,H5N1,NC(=O)c1ncn([C@@H]2O[C@H](CO)[C@@H](O)[C@H]2O)n1,4.287,0.9972,0.999,0.6555,0.575,0.6254,0.6597,synthetic,round_0
3717-88-2,pa_h5n1,PA,H5N1,Cc1c(-c2ccccc2)oc2c(C(=O)OCC[NH+]3CCCCC3)cccc2c1=O,4.562,0.0055,0.011,0.1286,0.2742,0.6849,0.6758,synthetic,round_0
3801-06-7,pa_h5n1,PA,H5N1,CC(=O)O[C@]1(C(C)=O)CC[C@H]2[C@@H]3C[C@H](C)C4=CC(=O)C=C[C@]4(C)[C@@]3(F)[C@@H](O)C[C@@]21C,4.216,0.5325,0.8739,0.6921,0.1416,0.7026,0.7905,synthetic,round_0
380843-75-4,pa_h5n1,PA,H5N1,COc1cc(Nc2c(C#N)cnc3cc(OCCC[NH+]4CCN(C)CC4)c(OC)cc23)c(Cl)cc1Cl,5.936,0.4677,0.8438,0.7368,0.6524,0.7874,0.1955,synthetic,round_0
38194-50-2,pa_h5n1,PA,H5N1,CC1=C(CC(=O)[O-])c2cc(F)ccc2/C1=C\c1ccc([S@](C)=O)cc1,3.708,0.0401,0.1877,0.6385,0.4098,0.2792,0.1146,synthetic,round_0
38304-91-5,pa_h5n1,PA,H5N1,Nc1cc(N2CCCCC2)nc(N)[n+]1[O-],4.56,0.4018,0.8302,0.8702,0.4273,0.0659,0.1209,synthetic,round_0
389-08-2,pa_h5n1,PA,H5N1,CCn1cc(C(=O)[O-])c(=O)c2ccc(C)nc21,5.298,0.8661,0.7841,0.4568,0.875,0.4602,0.3806,synthetic,round_0
3963-95-9,pa_h5n1,PA,H5N1,C=C1c2cccc(O)c2C(=O)C2=C(O)[C@]3(O)C(=O)C(C(N)=O)=C([O-])[C@@H]([NH+](C)C)[C@@H]3[C@@H](O)[C@H]12,3.708,0.124,0.1892,0.1625,0.1733,0.0453,0.3334,synthetic,round_0
3978-86-7,pa_h5n1,PA,H5N1,C[NH+]1CCC(=C2c3ccccc3CCc3cccnc32)CC1,4.077,0.6209,0.9298,0.1268,0.5457,0.1173,0.6871,synthetic,round_0
405165-61-9,pa_h5n1,PA,H5N1,[NH3+][C@@H]1CCCCN(c2c(F)cc3c(=O)c(C(=O)[O-])cn(C4CC4)c3c2Cl)C1,4.536,0.3524,0.2781,0.2804,0.0888,0.3215,0.4911,synthetic,round_0
41340-25-4,pa_h5n1,PA,H5N1,CCc1cccc2c3c([nH]c12)[C@](CC)(CC(=O)[O-])OCC3,4.765,0.622,0.1023,0.0907,0.1174,0.936,0.3619,synthetic,round_0
42057-22-7,pa_h5n1,PA,H5N1,CC1(C)S[C@@H]2[C@H](NC(=O)[C@H](NC(=O)N3CCN(S(C)(=O)=O)C3=O)c3ccccc3)C(=O)N2[C@H]1C(=O)[O-],4.014,0.5442,0.8221,0.772,0.5796,0.5857,0.1943,synthetic,round_0
42461-84-7,pa_h5n1,PA,H5N1,Cc1c(Nc2ncccc2C(=O)[O-])cccc1C(F)(F)F,4.812,0.0156,0.0652,0.2764,0.2856,0.2616,0.3971,synthetic,round_0
42924-53-8,pa_h5n1,PA,H5N1,COc1ccc2cc(CCC(C)=O)ccc2c1,3.848,0.1297,0.5303,0.587,0.8428,0.3196,0.0318,synthetic,round_0
4342-03-4,pa_h5n1,PA,H5N1,CN(C)/N=N\c1nc[nH]c1C(N)=O,4.887,0.9685,0.7439,0.9262,0.9678,0.8343,0.5197,synthetic,round_0
440-17-5,pa_h5n1,PA,H5N1,CN1CC[NH+](CCCN2c3ccccc3Sc3ccc(C(F)(F)F)cc32)CC1,3.94,0.8071,0.4979,0.1488,0.0256,0.2938,0.5864,synthetic,round_0
444731-52-6,pa_h5n1,PA,H5N1,Cc1ccc(Nc2nccc(N(C)c3ccc4c(C)n(C)nc4c3)n2)cc1S(N)(=O)=O,6.307,0.9713,0.9878,0.947,0.9753,0.9813,0.5106,synthetic,round_0
446-86-6,pa_h5n1,PA,H5N1,Cn1cnc([N+](=O)[O-])c1Sc1ncnc2nc[nH]c12,5.98,0.765,0.9005,0.9906,0.9725,0.9862,0.738,synthetic,round_0
452-35-7,pa_h5n1,PA,H5N1,CCOc1ccc2nc(S(N)(=O)=O)sc2c1,4.06,0.8973,0.4516,0.9934,0.9269,0.0103,0.3302,synthetic,round_0
475207-59-1,pa_h5n1,PA,H5N1,CNC(=O)c1cc(Oc2ccc(NC(=O)Nc3ccc(Cl)c(C(F)(F)F)c3)cc2)ccn1,4.245,0.5265,0.4976,0.1382,0.0466,0.7328,0.9439,synthetic,round_0
50-01-1,pa_h5n1,PA,H5N1,NC(N)=[NH2+],4.579,0.0616,0.0278,0.07,0.0574,0.5169,0.65,synthetic,round_0
50-02-2,pa_h5n1,PA,H5N1,C[C@@H]1C[C@H]2[C@@H]3CCC4=CC(=O)C=C[C@]4(C)[C@@]3(F)[C@@H](O)C[C@]2(C)[C@@]1(O)C(=O)CO,3.373,0.2843,0.8074,0.8082,0.6433,0.0604,0.1678,synthetic,round_0
50-04-4,pa_h5n1,PA,H5N1,CC(=O)OCC(=O)[C@@]1(O)CC[C@H]2[C@@H]3CCC4=CC(=O)CC[C@]4(C)[C@H]3C(=O)C[C@@]21C,4.189,0.8947,0.9956,0.4613,0.4857,0.4721,0.338,synthetic,round_0
50-27-1,pa_h5n1,PA,H5N1,C[C@]12CC[C@@H]3c4ccc(O)cc4CC[C@H]3[C@@H]1C[C@@H](O)[C@@H]2O,4.186,0.9814,0.9827,0.9171,0.9977,0.4482,0.3298,synthetic,round_0
50-28-2,pa_h5n1,PA,H5N1,C[C@@]12CC[C@@H]3c4ccc(O)cc4CC[C@@H]3[C@H]1CC[C@H]2O,4.444,0.7702,0.6369,0.7486,0.6733,0.4487,0.5438,synthetic,round_0
50-35-1,pa_h5n1,PA,H5N1,O=C1CC[C@H](N2C(=O)c3ccccc3C2=O)C(=O)N1,5.488,0.3542,0.3616,0.9668,0.9584,0.7603,0.186,synthetic,round_0
50-41-9,pa_h5n1,PA,H5N1,CC[NH+](CC)CCOc1ccc(/C(=C(/Cl)c2ccccc2)c2ccccc2)cc1,4.275,0.0853,0.1352,0.7058,0.4264,0.1787,0.7259,synthetic,round_0
50-55-5,pa_h5n1,PA,H5N1,COC(=O)[C@H]1[C@H]2C[C@@H]3c4[nH]c5cc(OC)ccc5c4CCN3C[C@H]2C[C@@H](OC(=O)c2cc(OC)c(OC)c(OC)c2)[C@@H]1OC,3.656,0.1787,0.1333,0.4426,0.2817,0.2022,0.146,synthetic,round_0
50-63-5,pa_h5n1,PA,H5N1,CC[NH+](CC)CCC[C@@H](C)Nc1cc[nH+]c2cc(Cl)ccc12,4.074,0.588,0.7683,0.6342,0.9001,0.0438,0.0438,synthetic,round_0
50-78-2,pa_h5n1,PA,H5N1,CC(=O)Oc1ccccc1C(=O)[O-],4.726,0.9414,0.2365,0.7424,0.8748,0.7494,0.889,synthetic,round_0
50-81-7,pa_h5n1,PA,H5N1,O=C1O[C@H]([C@@H](O)CO)C([O-])=C1O,4.381,0.9351,0.8257,0.9506,0.769,0.2771,0.4253,synthetic,round_0
50-91-9,pa_h5n1,PA,H5N1,O=c1[nH]c(=O)n([C@@H]2C[C@@H](O)[C@H](CO)O2)cc1F,3.653,0.4004,0.8575,0.4328,0.6292,0.9261,0.7718,synthetic,round_0
503612-47-3,pa_h5n1,PA,H5N1,COc1ccc(-n2nc(C(N)=O)c3c2C(=O)N(c2ccc(N4CCCCC4=O)cc2)CC3)cc1,4.523,0.9955,0.797,0.9943,0.9013,0.804,0.3544,synthetic,round_0
50700-72-6,pa_h5n1,PA,H5N1,CC(=O)O[C@@H]1C[C@H]2CC[C@@H]3[C@@H](CC[C@]4(C)[C@@H]3C[C@@H]([N+]3(C)CCCCC3)[C@@H]4OC(C)=O)[C@]2(C)C[C@H]1[NH+]1CCCCC1,4.233,0.2769,0.6218,0.2453,0.0691,0.2582,0.6372,synthetic,round_0
51-21-8,pa_h5n1,PA,H5N1,O=c1[nH]cc(F)c(=O)[nH]1,4.518,0.9364,0.9634,0.7153,0.9013,0.9492,0.9832,synthetic,round_0
51-52-5,pa_h5n1,PA,H5N1,CCCc1cc(=O)[nH]c(=S)[nH]1,3.169,0.948,0.9948,0.8324,0.6193,0.1766,0.1524,synthetic,round_0
51333-22-3,pa_h5n1,PA,H5N1,CCC[C@H]1O[C@@H]2C[C@H]3[C@@H]4CCC5=CC(=O)C=C[C@]5(C)[C@H]4[C@@H](O)C[C@]3(C)[C@]2(C(=O)CO)O1,4.442,0.6157,0.8265,0.2422,0.5711,0.3336,0.3355,synthetic,round_0
51481-61-9,pa_h5n1,PA,H5N1,CN/C(=N\C#N)NCCSCc1[nH+]c[nH]c1C,4.18,0.3931,0.2992,0.4346,0.2619,0.7846,0.4481,synthetic,round_0
51803-78-2,pa_h5n1,PA,H5N1,CS(=O)(=O)[N-]c1ccc([N+](=O)[O-])cc1Oc1ccccc1,3.668,0.2399,0.1625,0.6435,0.3239,0.9822,0.4055,synthetic,round_0
518048-05-0,pa_h5n1,PA,H5N1,Cc1nnc(C(=O)NC(C)(C)c2nc(C(=O)NCc3ccc(F)cc3)c(O)c(=O)n2C)o1,3.809,0.423,0.2226,0.1863,0.0341,0.1522,0.1205,synthetic,round_0
52-21-1,pa_h5n1,PA,H5N1,CC(=O)OCC(=O)[C@@]1(O)CC[C@H]2[C@@H]3CCC4=CC(=O)C=C[C@]4(C)[C@H]3[C@@H](O)C[C@@]21C,3.861,0.2649,0.1302,0.1278,0.0208,0.3231,0.818,synthetic,round_0
52-86-8,pa_h5n1,PA,H5N1,O=C(CCC[N@H+]1CC[C@](O)(c2ccc(Cl)cc2)CC1)c1ccc(F)cc1,5.708,0.4097,0.9268,0.4011,0.6909,0.9248,0.46,synthetic,round_0
521-78-8,pa_h5n1,PA,H5N1,C[C@H](CN1c2ccccc2CCc2ccccc21)C[NH+](C)C,5.17,0.5385,0.7209,0.9341,0.9155,0.668,0.6117,synthetic,round_0
527-07-1,pa_h5n1,PA,H5N1,O=C([O-])[C@H](O)[C@@H](O)[C@H](O)[C@H](O)CO,3.433,0.9933,0.7284,0.5767,0.6716,0.2803,0.0916,synthetic,round_0
53-86-1,pa_h5n1,PA,H5N1,COc1ccc2c(c1)c(CC(=O)[O-])c(C)n2C(=O)c1ccc(Cl)cc1,4.095,0.153,0.0162,0.3183,0.205,0.0662,0.8345,synthetic,round_0
532-03-6,pa_h5n1,PA,H5N1,COc1ccccc1OC[C@@H](O)COC(N)=O,3.052,0.6487,0.4835,0.1826,0.4476,0.0157,0.1303,synthetic,round_0
53885-35-1,pa_h5n1,PA,H5N1,Clc1ccccc1C[N@@H+]1CCc2sccc2C1,6.124,0.9879,0.9845,0.9075,0.9805,0.7999,0.5844,synthetic,round_0
54-85-3,pa_h5n1,PA,H5N1,NNC(=O)c1ccncc1,3.714,0.9231,0.8453,0.1977,0.3477,0.3779,0.2614,synthetic,round_0
54029-12-8,pa_h5n1,PA,H5N1,CCC[S@@](=O)c1ccc2[nH]/c(=N\C(=O)OC)[nH]c2c1,5.574,0.4334,0.5809,0.9951,0.9759,0.5826,0.5766,synthetic,round_0
540737-29-9,pa_h5n1,PA,H5N1,C[C@@H]1CCN(C(=O)CC#N)C[C@@H]1N(C)c1ncnc2[nH]ccc12,3.789,0.5797,0.9851,0.6837,0.291,0.1321,0.3446,synthetic,round_0
541-15-1,pa_h5n1,PA,H5N1,C[N+](C)(C)C[C@@H](O)CC(=O)[O-],4.121,0.2867,0.0866,0.4667,0.3051,0.7605,0.8861,synthetic,round_0
541-22-0,pa_h5n1,PA,H5N1,C[N+](C)(C)CCCCCCCCCC[N+](C)(C)C,4.745,0.9552,0.9035,0.4536,0.6882,0.8801,0.569,synthetic,round_0
5451-09-2,pa_h5n1,PA,H5N1,[NH3+]CC(=O)CCC(=O)[O-],4.039,0.8466,0.8813,0.4447,0.4532,0.0641,0.1867,synthetic,round_0
54527-84-3,pa_h5n1,PA,H5N1,COC(=O)C1=C(C)NC(C)=C(C(=O)OCC[N@@H+](C)Cc2ccccc2)[C@@H]1c1cccc([N+](=O)[O-])c1,5.191,0.6425,0.7729,0.531,0.387,0.5749,0.6561,synthetic,round_0
548-62-9,pa_h5n1,PA,H5N1,CN(C)c1ccc(C(=C2C=CC(=[N+](C)C)C=C2)c2ccc(N(C)C)cc2)cc1,5.39,0.7431,0.6544,0.7614,0.9557,0.5135,0.6285,synthetic,round_0
548-73-2,pa_h5n1,PA,H5N1,O=C(CCC[N@@H+]1CC=C(n2c(=O)[nH]c3ccccc32)CC1)c1ccc(F)cc1,5.688,0.2557,0.8704,0.5038,0.7189,0.566,0.2412,synthetic,round_0
549-18-8,pa_h5n1,PA,H5N1,C[NH+](C)CCC=C1c2ccccc2CCc2ccccc21,3.569,0.0504,0.017,0.8895,0.5315,0.0078,0.0218,synthetic,round_0
55-06-1,pa_h5n1,PA,H5N1,[NH3+][C@@H](Cc1cc(I)c(Oc2ccc([O-])c(I)c2)c(I)c1)C(=O)[O-],3.942,0.6728,0.5157,0.0636,0.0941,0.1598,0.354,synthetic,round_0
55-98-1,pa_h5n1,PA,H5N1,CS(=O)(=O)OCCCCOS(C)(=O)=O,4.179,0.5821,0.9422,0.3123,0.5433,0.6783,0.5474,synthetic,round_0
550-99-2,pa_h5n1,PA,H5N1,c1ccc2c(CC3=[NH+]CCN3)cccc2c1,4.043,0.7559,0.8266,0.539,0.6022,0.0036,0.2013,synthetic,round_0
55079-83-9,pa_h5n1,PA,H5N1,COc1cc(C)c(/C=C/C(C)=C/C=C/C(C)=C/C(=O)[O-])c(C)c1C,3.976,0.533,0.7139,0.3829,0.4912,0.9129,0.0901,synthetic,round_0
55268-74-1,pa_h5n1,PA,H5N1,O=C(C1CCCCC1)N1CC(=O)N2CCc3ccccc3[C@@H]2C1,3.447,0.5885,0.136,0.168,0.108,0.449,0.083,synthetic,round_0
553-08-2,pa_h5n1,PA,H5N1,CCCCCCCCCCCCCCCC[N+](C)(C)CCN(Cc1ccc(OC)cc1)c1ncccn1,3.652,0.3835,0.2862,0.998,0.9622,0.3919,0.0241,synthetic,round_0
555-30-6,pa_h5n1,PA,H5N1,C[C@]([NH3+])(Cc1ccc(O)c(O)c1)C(=O)[O-],4.475,0.5215,0.386,0.3243,0.3758,0.7351,0.8116,synthetic,round_0
5593-20-4,pa_h5n1,PA,H5N1,CCC(=O)OCC(=O)[C@@]1(OC(=O)CC)[C@@H](C)C[C@H]2[C@@H]3CCC4=CC(=O)C=C[C@]4(C)[C@@]3(F)[C@@H](O)C[C@@]21C,3.52,0.7909,0.3218,0.2197,0.3156,0.0067,0.0067,synthetic,round_0
56-85-9,pa_h5n1,PA,H5N1,NC(=O)CC[C@H]([NH3+])C(=O)[O-],3.426,0.3406,0.2879,0.6091,0.5973,0.8223,0.1593,synthetic,round_0
56180-94-0,pa_h5n1,PA,H5N1,C[C@H]1O[C@H](O[C@H]2[C@H](O)[C@@H](O)[C@@H](O[C@@H]([C@H](O)[C@@H](O)C=O)[C@H](O)CO)O[C@@H]2CO)[C@H](O)[C@@H](O)[C@@H]1N[C@H]1C=C(CO)[C@@H](O)[C@H](O)[C@H]1O,4.153,0.243,0.1285,0.3647,0.0758,0.6737,0.9165,synthetic,round_0
56211-40-6,pa_h5n1,PA,H5N1,Cc1cccc(Nc2cc[nH+]cc2S(=O)(=O)[N-]C(=O)NC(C)C)c1,5.989,0.9604,0.7427,0.3919,0.7834,0.8801,0.9933,synthetic,round_0
56296-78-7,pa_h5n1,PA,H5N1,C[NH2+]CC[C@H](Oc1ccc(C(F)(F)F)cc1)c1ccccc1,6.548,0.6244,0.343,0.9399,0.8119,0.9481,0.764,synthetic,round_0
57-41-0,pa_h5n1,PA,H5N1,O=C1NC(=O)C(c2ccccc2)(c2ccccc2)N1,4.68,0.7703,0.9459,0.7747,0.4271,0.757,0.9454,synthetic,round_0
57-66-9,pa_h5n1,PA,H5N1,CCCN(CCC)S(=O)(=O)c1ccc(C(=O)[O-])cc1,5.93,0.7596,0.7221,0.3214,0.7609,0.7575,0.6416,synthetic,round_0
57-68-1,pa_h5n1,PA,H5N1,Cc1cc(C)nc([N-]S(=O)(=O)c2ccc(N)cc2)n1,3.938,0.3532,0.7348,0.1875,0.0965,0.522,0.1546,synthetic,round_0
57248-88-1,pa_h5n1,PA,H5N1,[NH3+]CC[C@](O)(P(=O)([O-])[O-])P(=O)([O-])O,4.034,0.9027,0.942,0.9728,0.9382,0.8543,0.4688,synthetic,round_0
57808-65-8,pa_h5n1,PA,H5N1,Cc1cc([C@H](C#N)c2ccc(Cl)cc2)c(Cl)cc1NC(=O)c1cc(I)cc(I)c1[O-],4.459,0.9862,0.999,0.8736,0.4232,0.1826,0.7026,synthetic,round_0
57852-57-0,pa_h5n1,PA,H5N1,CC(=O)[C@]1(O)Cc2c(O)c3c(c(O)c2[C@@H](O[C@H]2C[C@H]([NH3+])[C@H](O)[C@H](C)O2)C1)C(=O)c1ccccc1C3=O,4.669,0.6266,0.5351,0.0161,0.0377,0.2942,0.6036,synthetic,round_0
5786-21-0,pa_h5n1,PA,H5N1,C[NH+]1CCN(C2=Nc3cc(Cl)ccc3Nc3ccccc32)CC1,6.085,0.9103,0.3372,0.8359,0.8162,0.146,0.4266,synthetic,round_0
58-56-0,pa_h5n1,PA,H5N1,Cc1[nH+]cc(CO)c(CO)c1[O-],4.261,0.9642,0.671,0.8023,0.8766,0.1241,0.1044,synthetic,round_0
58-61-7,pa_h5n1,PA,H5N1,Nc1ncnc2c1ncn2[C@@H]1O[C@H](CO)[C@@H](O)[C@@H]1O,3.804,0.001,0.2259,0.0486,0.0372,0.4684,0.5047,synthetic,round_0
58-96-8,pa_h5n1,PA,H5N1,O=c1ccn([C@@H]2O[C@H](CO)[C@H](O)[C@@H]2O)c(=O)[nH]1,4.328,0.5472,0.5947,0.3176,0.5685,0.3436,0.1493,synthetic,round_0
58579-51-4,pa_h5n1,PA,H5N1,O=C1CN2Cc3c(ccc(Cl)c3Cl)NC2=N1,4.289,0.9245,0.9671,0.9137,0.9786,0.1415,0.153,synthetic,round_0
5874-97-5,pa_h5n1,PA,H5N1,CC(C)[NH2+]C[C@@H](O)c1cc(O)cc(O)c1,4.955,0.7906,0.7626,0.4974,0.6008,0.6465,0.3952,synthetic,round_0
59-05-2,pa_h5n1,PA,H5N1,CN(Cc1cnc2nc(N)nc(N)c2n1)c1ccc(C(=O)N[C@@H](CCC(=O)[O-])C(=O)[O-])cc1,4.682,0.7024,0.5553,0.4786,0.4657,0.5634,0.862,synthetic,round_0
59-67-6,pa_h5n1,PA,H5N1,O=C([O-])c1cccnc1,3.427,0.1452,0.2253,0.1994,0.0534,0.5658,0.531,synthetic,round_0
59-87-0,pa_h5n1,PA,H5N1,NC(=O)N/N=C/c1ccc([N+](=O)[O-])o1,4.098,0.5412,0.4519,0.7922,0.5579,0.1982,0.5181,synthetic,round_0
590-63-6,pa_h5n1,PA,H5N1,C[C@@H](C[N+](C)(C)C)OC(N)=O,6.575,0.9532,0.9941,0.9923,0.9959,0.9898,0.9671,synthetic,round_0
595-33-5,pa_h5n1,PA,H5N1,CC(=O)O[C@]1(C(C)=O)CC[C@H]2[C@@H]3C=C(C)C4=CC(=O)CC[C@]4(C)[C@H]3CC[C@@]21C,4.034,0.1558,0.8777,0.8345,0.9237,0.6433,0.6684,synthetic,round_0
60-32-2,pa_h5n1,PA,H5N1,[NH3+]CCCCCC(=O)[O-],4.557,0.8953,0.6968,0.9049,0.7025,0.8222,0.045,synthetic,round_0
60-56-0,pa_h5n1,PA,H5N1,Cn1cc[nH]c1=S,6.979,0.957,0.709,0.9561,0.9495,0.7565,0.5008,synthetic,round_0
6018-19-5,pa_h5n1,PA,H5N1,Nc1ccc(C(=O)[O-])c(O)c1,3.624,0.6306,0.723,0.3489,0.7187,0.6466,0.5591,synthetic,round_0
603-50-9,pa_h5n1,PA,H5N1,CC(=O)Oc1ccc(C(c2ccc(OC(C)=O)cc2)c2cccc[nH+]2)cc1,4.119,0.0092,0.1333,0.514,0.5997,0.3798,0.5371,synthetic,round_0
61-16-5,pa_h5n1,PA,H5N1,COc1ccc(OC)c([C@@H](O)[C@H](C)[NH3+])c1,3.691,0.7775,0.7842,0.8947,0.9292,0.3077,0.5163,synthetic,round_0
61-76-7,pa_h5n1,PA,H5N1,C[NH2+]C[C@H](O)c1cccc(O)c1,3.441,0.4151,0.8894,0.5033,0.5615,0.7246,0.6016,synthetic,round_0
61318-91-0,pa_h5n1,PA,H5N1,Clc1ccc(CS[C@@H](Cn2cc[nH+]c2)c2ccc(Cl)cc2Cl)cc1,4.328,0.8061,0.713,0.3421,0.3651,0.267,0.1519,synthetic,round_0
61718-82-9,pa_h5n1,PA,H5N1,COCCCC/C(=N\OCC[NH3+])c1ccc(C(F)(F)F)cc1,4.702,0.2514,0.7158,0.054,0.0666,0.9645,0.7562,synthetic,round_0
61825-94-3,pa_h5n1,PA,H5N1,N[C@@H]1CCCC[C@H]1[NH3+],3.984,0.0952,0.001,0.8299,0.6323,0.4834,0.3747,synthetic,round_0
62-31-7,pa_h5n1,PA,H5N1,[NH3+]CCc1ccc(O)c(O)c1,4.849,0.7671,0.5144,0.6062,0.0783,0.4746,0.5077,synthetic,round_0
62-97-5,pa_h5n1,PA,H5N1,C[N+]1(C)CCC(=C(c2ccccc2)c2ccccc2)CC1,5.027,0.4752,0.6975,0.514,0.4945,0.8892,0.9125,synthetic,round_0
62013-04-1,pa_h5n1,PA,H5N1,CC[C@H]1OC(=O)[C@H](C)[C@@H](O[C@H]2C[C@@](C)(OC)[C@@H](O)[C@H](C)O2)[C@H](C)[C@@H](O[C@@H]2O[C@H](C)C[C@H]([NH+](C)C)[C@H]2O)[C@](C)(O)C[C@@H](C)[C@@H]2N[C@@H](COCCOC)O[C@H]([C@H]2C)[C@]1(C)O,3.19,0.0263,0.0049,0.346,0.5162,0.2702,0.2643,synthetic,round_0
624-49-7,pa_h5n1,PA,H5N1,COC(=O)/C=C/C(=O)OC,4.662,0.4028,0.6343,0.9178,0.5303,0.5406,0.2619,synthetic,round_0
62571-86-2,pa_h5n1,PA,H5N1,C[C@H](CS)C(=O)N1CCC[C@H]1C(=O)[O-],5.648,0.9398,0.7121,0.9414,0.8919,0.4902,0.4216,synthetic,round_0
62893-19-0,pa_h5n1,PA,H5N1,CCN1CCN(C(=O)N[C@@H](C(=O)N[C@@H]2C(=O)N3C(C(=O)[O-])=C(CSc4nnnn4C)CS[C@H]23)c2ccc(O)cc2)C(=O)C1=O,3.787,0.9858,0.9742,0.3866,0.3218,0.7551,0.999,synthetic,round_0
63-45-6,pa_h5n1,PA,H5N1,COc1cc(N[C@H](C)CCC[NH3+])c2ncccc2c1,3.969,0.2993,0.077,0.067,0.0022,0.7402,0.2228,synthetic,round_0
63-74-1,pa_h5n1,PA,H5N1,Nc1ccc(S(N)(=O)=O)cc1,3.748,0.1817,0.1764,0.1833,0.1571,0.3167,0.0083,synthetic,round_0
63-92-3,pa_h5n1,PA,H5N1,C[C@@H](COc1ccccc1)[N@@H+](CCCl)Cc1ccccc1,5.33,0.742,0.39,0.6004,0.781,0.3158,0.5171,synthetic,round_0
635728-49-3,pa_h5n1,PA,H5N1,CC(C)CN(C[C@@H](O)[C@H](Cc1ccccc1)NC(=O)O[C@H]1CO[C@H]2OCC[C@H]21)S(=O)(=O)c1ccc(N)cc1,4.387,0.3899,0.5677,0.865,0.3352,0.9782,0.6825,synthetic,round_0
63659-19-8,pa_h5n1,PA,H5N1,CC(C)[NH2+]C[C@@H](O)COc1ccc(CCOCC2CC2)cc1,4.361,0.4297,0.9588,0.0492,0.1866,0.3145,0.4091,synthetic,round_0
64-75-5,pa_h5n1,PA,H5N1,C[NH+](C)[C@@H]1C([O-])=C(C(N)=O)C(=O)[C@@]2(O)C(O)=C3C(=O)c4c(O)cccc4[C@@](C)(O)[C@H]3C[C@@H]12,3.55,0.9897,0.6537,0.8054,0.959,0.534,0.2536,synthetic,round_0
64-77-7,pa_h5n1,PA,H5N1,CCCCNC(=O)[N-]S(=O)(=O)c1ccc(C)cc1,4.764,0.7637,0.454,0.7718,0.85,0.119,0.103,synthetic,round_0
641571-10-0,pa_h5n1,PA,H5N1,Cc1cn(-c2cc(NC(=O)c3ccc(C)c(Nc4nccc(-c5cccnc5)n4)c3)cc(C(F)(F)F)c2)cn1,4.739,0.7952,0.6216,0.1237,0.2065,0.9647,0.616,synthetic,round_0
64228-81-5,pa_h5n1,PA,H5N1,COc1ccc(C[C@@H]2c3cc(OC)c(OC)cc3CC[N@+]2(C)CCC(=O)OCCCCCOC(=O)CC[N@@+]2(C)CCc3cc(OC)c(OC)cc3[C@H]2Cc2ccc(OC)c(OC)c2)cc1OC,4.64,0.7693,0.9799,0.1343,0.7081,0.4147,0.6855,synthetic,round_0
64461-82-1,pa_h5n1,PA,H5N1,Clc1ccc2nsnc2c1N=C1NCCN1,4.064,0.4845,0.3067,0.0705,0.1637,0.9045,0.5409,synthetic,round_0
645-05-6,pa_h5n1,PA,H5N1,CN(C)c1nc(N(C)C)nc(N(C)C)n1,4.904,0.6482,0.3528,0.916,0.5823,0.6613,0.0168,synthetic,round_0
64872-77-1,pa_h5n1,PA,H5N1,Clc1ccc(CC[C@@H](Cn2cc[nH+]c2)Sc2c(Cl)cccc2Cl)cc1,4.725,0.9612,0.6129,0.9871,0.9251,0.0431,0.2339,synthetic,round_0
6493-05-6,pa_h5n1,PA,H5N1,CC(=O)CCCCn1c(=O)c2c(ncn2C)n(C)c1=O,4.717,0.8803,0.628,0.6498,0.5889,0.5096,0.8803,synthetic,round_0
65-28-1,pa_h5n1,PA,H5N1,Cc1ccc(N(CC2=[NH+]CCN2)c2cccc(O)c2)cc1,4.01,0.4122,0.2941,0.037,0.1288,0.2608,0.6147,synthetic,round_0
65-29-2,pa_h5n1,PA,H5N1,CC[N+](CC)(CC)CCOc1cccc(OCC[N+](CC)(CC)CC)c1OCC[N+](CC)(CC)CC,3.52,0.3275,0.3609,0.8653,0.6944,0.0702,0.1744,synthetic,round_0
65277-42-1,pa_h5n1,PA,H5N1,CC(=O)N1CCN(c2ccc(OC[C@H]3CO[C@](Cn4cc[nH+]c4)(c4ccc(Cl)cc4Cl)O3)cc2)CC1,5.225,0.949,0.9658,0.8788,0.7854,0.6582,0.335,synthetic,round_0
65473-14-5,pa_h5n1,PA,H5N1,C[N@@H+](CC=Cc1ccccc1)Cc1cccc2ccccc12,4.21,0.9064,0.6538,0.9543,0.9881,0.1712,0.4992,synthetic,round_0
65928-58-7,pa_h5n1,PA,H5N1,C[C@]12CCC3=C4CCC(=O)C=C4CC[C@H]3[C@@H]1CC[C@]2(O)CC#N,4.903,0.7882,0.7597,0.8009,0.7107,0.567,0.681,synthetic,round_0
66085-59-4,pa_h5n1,PA,H5N1,COCCOC(=O)C1=C(C)NC(C)=C(C(=O)OC(C)C)[C@H]1c1cccc([N+](=O)[O-])c1,4.078,0.4325,0.5779,0.1472,0.3409,0.8463,0.8411,synthetic,round_0
66104-23-2,pa_h5n1,PA,H5N1,CCC[N@H+]1C[C@H](CSC)C[C@@H]2c3cccc4[nH]cc(c34)C[C@H]21,5.223,0.9064,0.8751,0.9213,0.8913,0.3983,0.1974,synthetic,round_0
66357-59-3,pa_h5n1,PA,H5N1,C/[NH+]=C(\C[N+](=O)[O-])NCCSCc1ccc(C[NH+](C)C)o1,4.174,0.8309,0.6919,0.7872,0.3592,0.7451,0.7134,synthetic,round_0
668270-12-0,pa_h5n1,PA,H5N1,CC#CCn1c(N2CCC[C@@H]([NH3+])C2)nc2c1c(=O)n(Cc1nc(C)c3ccccc3n1)c(=O)n2C,5.649,0.4403,0.3988,0.5445,0.9167,0.1239,0.4407,synthetic,round_0
67-03-8,pa_h5n1,PA,H5N1,Cc1ncc(C[n+]2csc(CCO)c2C)c(N)n1,4.529,0.5917,0.5764,0.5373,0.4753,0.3385,0.4867,synthetic,round_0
67-48-1,pa_h5n1,PA,H5N1,C[N+](C)(C)CCO,4.552,0.2971,0.8751,0.5146,0.946,0.1403,0.1892,synthetic,round_0
67-73-2,pa_h5n1,PA,H5N1,CC1(C)O[C@@H]2C[C@H]3[C@@H]4C[C@H](F)C5=CC(=O)C=C[C@]5(C)[C@@]4(F)[C@@H](O)C[C@]3(C)[C@]2(C(=O)CO)O1,5.489,0.7478,0.5297,0.8002,0.9473,0.9109,0.8354,synthetic,round_0
67-92-5,pa_h5n1,PA,H5N1,CC[NH+](CC)CCOC(=O)C1(C2CCCCC2)CCCCC1,4.82,0.9258,0.9988,0.6245,0.922,0.2746,0.3541,synthetic,round_0
68-35-9,pa_h5n1,PA,H5N1,Nc1ccc(S(=O)(=O)[N-]c2ncccn2)cc1,4.188,0.3019,0.6871,0.3406,0.0915,0.3377,0.0696,synthetic,round_0
68-41-7,pa_h5n1,PA,H5N1,[NH3+][C@@H]1CONC1=O,3.931,0.7664,0.699,0.3772,0.8207,0.1274,0.2096,synthetic,round_0
68291-97-4,pa_h5n1,PA,H5N1,NS(=O)(=O)Cc1noc2ccccc12,4.189,0.9746,0.8465,0.9006,0.9563,0.0428,0.0129,synthetic,round_0
68373-14-8,pa_h5n1,PA,H5N1,CC1(C)[C@H](C(=O)[O-])N2C(=O)C[C@H]2S1(=O)=O,3.796,0.4511,0.0544,0.2298,0.2869,0.1843,0.1458,synthetic,round_0
69-52-3,pa_h5n1,PA,H5N1,CC1(C)S[C@H]2[C@H](NC(=O)[C@@H](N)c3ccccc3)C(=O)N2[C@@H]1C(=O)[O-],6.197,0.9336,0.9435,0.982,0.9945,0.8164,0.6349,synthetic,round_0
697761-98-1,pa_h5n1,PA,H5N1,COc1cc2c(cc1Cc1cccc(Cl)c1F)c(=O)c(C(=O)[O-])cn2[C@H](CO)C(C)C,4.601,0.9973,0.8134,0.7034,0.4944,0.1607,0.8681,synthetic,round_0
70024-40-7,pa_h5n1,PA,H5N1,COc1cc2[nH+]c(N3CCN(C(=O)[C@H]4CCCO4)CC3)nc(N)c2cc1OC,3.987,0.9546,0.8243,0.9671,0.9821,0.8054,0.5617,synthetic,round_0
70288-86-7,pa_h5n1,PA,H5N1,CC[C@@H](C)[C@H]1O[C@]2(CC[C@@H]1C)C[C@@H]1C[C@@H](C/C=C(\C)[C@@H](O[C@H]3C[C@H](OC)[C@@H](O[C@H]4C[C@H](OC)[C@@H](O)[C@H](C)O4)[C@H](C)O3)[C@@H](C)/C=C/C=C3\CO[C@@H]4[C@H](O)C(C)=C[C@@H](C(=O)O1)[C@]34O)O2,4.457,0.4938,0.7364,0.319,0.4726,0.4111,0.6041,synthetic,round_0
70458-96-7,pa_h5n1,PA,H5N1,CCn1cc(C(=O)O)c(=O)c2cc(F)c(N3CC[NH2+]CC3)cc21,5.711,0.8146,0.7356,0.6988,0.8249,0.8865,0.8163,synthetic,round_0
70476-82-3,pa_h5n1,PA,H5N1,O=C1c2c(O)ccc(O)c2C(=O)c2c(NCC[NH2+]CCO)ccc(NCC[NH2+]CCO)c21,5.264,0.5749,0.9206,0.9283,0.8919,0.4792,0.9022,synthetic,round_0
7081-44-9,pa_h5n1,PA,H5N1,Cc1onc(-c2ccccc2Cl)c1C(=O)N[C@@H]1C(=O)N2[C@@H]1SC(C)(C)[C@@H]2C(=O)[O-],4.625,0.224,0.2441,0.4442,0.6974,0.8748,0.8724,synthetic,round_0
7081-53-0,pa_h5n1,PA,H5N1,CCN1C[C@@H](CC[NH+]2CCOCC2)C(c2ccccc2)(c2ccccc2)C1=O,4.465,0.9854,0.9018,0.6485,0.5469,0.5825,0.6858,synthetic,round_0
71-58-9,pa_h5n1,PA,H5N1,CC(=O)O[C@]1(C(C)=O)CC[C@H]2[C@@H]3C[C@H](C)C4=CC(=O)CC[C@]4(C)[C@H]3CC[C@@]21C,5.673,0.225,0.9254,0.4152,0.709,0.2109,0.8971,synthetic,round_0
71675-85-9,pa_h5n1,PA,H5N1,CC[N@@H+]1CCC[C@H]1CNC(=O)c1cc(S(=O)(=O)CC)c(N)cc1OC,5.064,0.9584,0.9948,0.8801,0.8876,0.8301,0.4523,synthetic,round_0
72-14-0,pa_h5n1,PA,H5N1,Nc1ccc(S(=O)(=O)/N=c2\[nH]ccs2)cc1,5.106,0.5148,0.1393,0.929,0.7607,0.2158,0.6367,synthetic,round_0
72-33-3,pa_h5n1,PA,H5N1,C#C[C@]1(O)CC[C@@H]2[C@H]3CCc4cc(OC)ccc4[C@@H]3CC[C@@]21C,4.442,0.7198,0.8832,0.999,0.9933,0.1264,0.1007,synthetic,round_0
721-50-6,pa_h5n1,PA,H5N1,CCC[NH2+][C@H](C)C(=O)Nc1ccccc1C,3.572,0.062,0.0071,0.0341,0.1303,0.2535,0.5166,synthetic,round_0
723-46-6,pa_h5n1,PA,H5N1,Cc1cc([N-]S(=O)(=O)c2ccc(N)cc2)no1,4.54,0.551,0.1208,0.1019,0.0298,0.2241,0.2823,synthetic,round_0
72432-03-2,pa_h5n1,PA,H5N1,OCC[N@@H+]1C[C@H](O)[C@@H](O)[C@H](O)[C@H]1CO,3.824,0.7989,0.2397,0.8962,0.9063,0.6788,0.6153,synthetic,round_0
72559-06-9,pa_h5n1,PA,H5N1,CO[C@H]1/C=C\O[C@@]2(C)Oc3c(C)c([O-])c4c(c3C2=O)C2=NC3(CCN(CC(C)C)CC3)NC2=C(NC(=O)/C(C)=C\C=C/[C@H](C)[C@H](O)[C@@H](C)[C@@H](O)[C@@H](C)[C@H](OC(C)=O)[C@@H]1C)C4=O,3.035,0.5434,0.011,0.0041,0.0575,0.0144,0.1336,synthetic,round_0
7279-75-6,pa_h5n1,PA,H5N1,CC[C@@H]([NH2+]C(C)C)[C@@H](O)c1ccc(O)c(O)c1,4.241,0.9332,0.6003,0.7039,0.7477,0.4808,0.4274,synthetic,round_0
73590-58-6,pa_h5n1,PA,H5N1,COc1ccc2nc([S@](=O)Cc3[nH+]cc(C)c(OC)c3C)[nH]c2c1,4.517,0.7956,0.4453,0.7537,0.9881,0.7078,0.5885,synthetic,round_0
738-70-5,pa_h5n1,PA,H5N1,COc1cc(Cc2cnc(N)[nH+]c2N)cc(OC)c1OC,5.058,0.5225,0.2817,0.9785,0.9331,0.8467,0.0915,synthetic,round_0
73816-42-9,pa_h5n1,PA,H5N1,C=C1c2c(Cl)ccc(O)c2C(=O)C2=C(O)[C@]3(O)C(=O)C(C(N)=O)=C([O-])[C@@H]([NH+](C)C)[C@@H]3[C@@H](O)[C@H]12,4.541,0.9605,0.8188,0.8876,0.5748,0.0914,0.2601,synthetic,round_0
73963-72-1,pa_h5n1,PA,H5N1,O=C1CCc2cc(OCCCCc3nnnn3C3CCCCC3)ccc2N1,3.91,0.9907,0.6576,0.9616,0.8469,0.9609,0.4351,synthetic,round_0
74011-58-8,pa_h5n1,PA,H5N1,CCn1cc(C(=O)[O-])c(=O)c2cc(F)c(N3CC[NH2+]CC3)nc21,4.255,0.1175,0.2026,0.5579,0.1572,0.4067,0.0968,synthetic,round_0
745-65-3,pa_h5n1,PA,H5N1,CCCCC[C@H](O)/C=C/[C@H]1[C@H](O)CC(=O)[C@@H]1CCCCCCC(=O)[O-],4.703,0.9319,0.9903,0.5025,0.3562,0.1006,0.153,synthetic,round_0
74863-84-6,pa_h5n1,PA,H5N1,C[C@@H]1CNc2c(cccc2S(=O)(=O)N[C@@H](CCCNC(N)=[NH2+])C(=O)N2CC[C@@H](C)C[C@@H]2C(=O)[O-])C1,4.504,0.4252,0.7583,0.7452,0.608,0.4452,0.3656,synthetic,round_0
753498-25-8,pa_h5n1,PA,H5N1,CCc1cc2c(cc1CC)CC([NH2+]C[C@H](O)c1ccc(O)c3[nH]c(=O)ccc13)C2,5.879,0.3826,0.9576,0.999,0.9511,0.3436,0.86,synthetic,round_0
75607-67-9,pa_h5n1,PA,H5N1,Nc1nc(F)nc2c1ncn2[C@@H]1O[C@H](COP(=O)([O-])[O-])[C@@H](O)[C@@H]1O,4.806,0.3317,0.3464,0.5815,0.8051,0.0131,0.0319,synthetic,round_0
75695-93-1,pa_h5n1,PA,H5N1,COC(=O)C1=C(C)NC(C)=C(C(=O)OC(C)C)[C@@H]1c1cccc2nonc12,5.594,0.9824,0.9922,0.999,0.9984,0.9443,0.7733,synthetic,round_0
75706-12-6,pa_h5n1,PA,H5N1,Cc1oncc1C(=O)Nc1ccc(C(F)(F)F)cc1,4.338,0.9876,0.9922,0.5888,0.5423,0.8092,0.6835,synthetic,round_0
76-90-4,pa_h5n1,PA,H5N1,C[N+]1(C)CCC[C@@H](OC(=O)C(O)(c2ccccc2)c2ccccc2)C1,4.482,0.2376,0.1074,0.2671,0.1993,0.368,0.4538,synthetic,round_0
7681-93-8,pa_h5n1,PA,H5N1,C[C@@H]1C/C=C/C=C/C=C/C=C/[C@H](O[C@@H]2O[C@H](C)[C@@H](O)[C@H](N)[C@@H]2O)C[C@@H]2O[C@](O)(C[C@@H](O)C[C@H]3O[C@@H]3/C=C/C(=O)O1)C[C@H](O)[C@H]2C(=O)[O-],4.711,0.6497,0.5081,0.6651,0.7327,0.4792,0.5472,synthetic,round_0
76824-35-6,pa_h5n1,PA,H5N1,[NH-]S(=O)(=O)NC(=[NH2+])CCSCc1csc(N=C(N)N)n1,4.982,0.2973,0.4293,0.0942,0.6243,0.2666,0.2872,synthetic,round_0
77-86-1,pa_h5n1,PA,H5N1,[NH3+]C(CO)(CO)CO,5.935,0.902,0.9358,0.931,0.9981,0.9963,0.9839,synthetic,round_0
77883-43-3,pa_h5n1,PA,H5N1,COc1cc2[nH+]c(N3CCN(C(=O)[C@@H]4COc5ccccc5O4)CC3)nc(N)c2cc1OC,4.4,0.9384,0.8284,0.8165,0.7124,0.1092,0.1374,synthetic,round_0
78110-38-0,pa_h5n1,PA,H5N1,C[C@H]1[C@H](NC(=O)/C(=N\OC(C)(C)C(=O)[O-])c2csc(N)n2)C(=O)N1S(=O)(=O)[O-],3.615,0.9513,0.9049,0.212,0.0695,0.263,0.9405,synthetic,round_0
78246-49-8,pa_h5n1,PA,H5N1,Fc1ccc([C@@H]2CC[NH2+]C[C@H]2COc2ccc3c(c2)OCO3)cc1,4.686,0.5642,0.556,0.4996,0.1348,0.2994,0.7965,synthetic,round_0
78415-72-2,pa_h5n1,PA,H5N1,Cc1[nH]c(=O)c(C#N)cc1-c1ccncc1,4.039,0.9022,0.9354,0.949,0.9177,0.8177,0.8601,synthetic,round_0
79-57-2,pa_h5n1,PA,H5N1,C[NH+](C)[C@@H]1C([O-])=C(C(N)=O)C(=O)[C@@]2(O)C(O)=C3C(=O)c4c(O)cccc4[C@@](C)(O)[C@H]3[C@H](O)[C@@H]12,5.291,0.8774,0.4788,0.1805,0.2063,0.4212,0.5784,synthetic,round_0
79307-93-0,pa_h5n1,PA,H5N1,C[N@@H+]1CCC[C@H](n2nc(Cc3ccc(Cl)cc3)c3ccccc3c2=O)CC1,5.805,0.8694,0.4599,0.9568,0.9833,0.9121,0.9362,synthetic,round_0
79559-97-0,pa_h5n1,PA,H5N1,C[NH2+][C@H]1CC[C@@H](c2ccc(Cl)c(Cl)c2)c2ccccc21,5.509,0.575,0.6083,0.9589,0.9197,0.7376,0.7931,synthetic,round_0
797-63-7,pa_h5n1,PA,H5N1,C#C[C@]1(O)CC[C@H]2[C@@H]3CCC4=CC(=O)CC[C@@H]4[C@H]3CC[C@@]21CC,5.544,0.7038,0.9524,0.4943,0.8554,0.5972,0.9899,synthetic,round_0
79794-75-5,pa_h5n1,PA,H5N1,CCOC(=O)N1CCC(=C2c3ccc(Cl)cc3CCc3ccc[nH+]c32)CC1,4.812,0.9794,0.9694,0.5272,0.8765,0.8475,0.6453,synthetic,round_0
79902-63-9,pa_h5n1,PA,H5N1,CCC(C)(C)C(=O)O[C@H]1C[C@@H](C)C=C2C=C[C@H](C)[C@H](CC[C@@H]3C[C@@H](O)CC(=O)O3)[C@H]21,4.862,0.9072,0.7215,0.7159,0.3474,0.1187,0.3054,synthetic,round_0
80-50-2,pa_h5n1,PA,H5N1,CCCC(CCC)C(=O)O[C@H]1C[C@H]2CC[C@@H](C1)[N+]2(C)C,4.105,0.9929,0.9977,0.8824,0.6356,0.1475,0.3522,synthetic,round_0
80-77-3,pa_h5n1,PA,H5N1,CN1C(=O)CCS(=O)(=O)[C@H]1c1ccc(Cl)cc1,4.128,0.2967,0.2473,0.977,0.8698,0.0076,0.2935,synthetic,round_0
81403-68-1,pa_h5n1,PA,H5N1,COc1cc2[nH+]c(N(C)CCCNC(=O)[C@H]3CCCO3)nc(N)c2cc1OC,4.503,0.3352,0.4894,0.1168,0.1644,0.5386,0.9576,synthetic,round_0
82034-46-6,pa_h5n1,PA,H5N1,CCOC(=O)O[C@]1(C(=O)OCCl)CC[C@H]2[C@@H]3CCC4=CC(=O)C=C[C@]4(C)[C@H]3[C@@H](O)C[C@@]21C,5.239,0.1937,0.3034,0.1921,0.4089,0.52,0.5675,synthetic,round_0
82586-52-5,pa_h5n1,PA,H5N1,CCOC(=O)[C@H](CCc1ccccc1)[NH2+][C@@H](C)C(=O)N1Cc2cc(OC)c(OC)cc2C[C@H]1C(=O)[O-],3.437,0.9871,0.9584,0.6878,0.9291,0.197,0.557,synthetic,round_0
82586-55-8,pa_h5n1,PA,H5N1,CCOC(=O)[C@H](CCc1ccccc1)[NH2+][C@@H](C)C(=O)N1Cc2ccccc2C[C@H]1C(=O)[O-],4.533,0.926,0.6325,0.8171,0.9013,0.3272,0.633,synthetic,round_0
82640-04-8,pa_h5n1,PA,H5N1,O=C(c1ccc(OCC[NH+]2CCCCC2)cc1)c1c(-c2ccc(O)cc2)sc2cc(O)ccc12,5.109,0.2531,0.6465,0.6746,0.4828,0.9007,0.6935,synthetic,round_0
83-12-5,pa_h5n1,PA,H5N1,O=C1C(c2ccccc2)=C([O-])c2ccccc21,3.213,0.1969,0.0727,0.4971,0.4918,0.0253,0.2658,synthetic,round_0
83-43-2,pa_h5n1,PA,H5N1,C[C@H]1C[C@@H]2[C@H]([C@@H](O)C[C@@]3(C)[C@H]2CC[C@]3(O)C(=O)CO)[C@@]2(C)C=CC(=O)C=C12,3.905,0.8418,0.2819,0.02,0.2688,0.7058,0.1388,synthetic,round_0
83-88-5,pa_h5n1,PA,H5N1,Cc1cc2nc3c(=O)[nH]c(=O)nc-3n(C[C@H](O)[C@@H](O)[C@@H](O)CO)c2cc1C,5.612,0.1678,0.6128,0.692,0.7862,0.1517,0.0843,synthetic,round_0
83915-83-7,pa_h5n1,PA,H5N1,[NH3+]CCCC[C@H]([NH2+][C@@H](CCc1ccccc1)C(=O)[O-])C(=O)N1CCC[C@H]1C(=O)[O-],4.237,0.1151,0.0266,0.3121,0.6581,0.9619,0.2489,synthetic,round_0
84371-65-3,pa_h5n1,PA,H5N1,CC#C[C@@]1(O)CC[C@H]2[C@@H]3CCC4=CC(=O)CCC4=C3[C@H](c3ccc(N(C)C)cc3)C[C@]21C,4.201,0.8446,0.085,0.432,0.3559,0.8753,0.6469,synthetic,round_0
849217-68-1,pa_h5n1,PA,H5N1,COc1cc2[nH+]ccc(Oc3ccc(NC(=O)C4(C(=O)Nc5ccc(F)cc5)CC4)cc3)c2cc1OC,5.7,0.4182,0.6197,0.9953,0.949,0.9593,0.9382,synthetic,round_0
85371-64-8,pa_h5n1,PA,H5N1,C[C@@H](N/C(=N\C#N)Nc1ccncc1)C(C)(C)C,4.86,0.4514,0.7364,0.1154,0.3384,0.0511,0.3542,synthetic,round_0
85622-93-1,pa_h5n1,PA,H5N1,Cn1nnc2c(C(N)=O)ncn2c1=O,4.954,0.9147,0.6303,0.9212,0.999,0.0539,0.1162,synthetic,round_0
85650-56-2,pa_h5n1,PA,H5N1,C[N@H+]1C[C@H]2c3ccccc3Oc3ccc(Cl)cc3[C@@H]2C1,4.463,0.3072,0.2825,0.7549,0.9216,0.2235,0.1703,synthetic,round_0
859-18-7,pa_h5n1,PA,H5N1,CCC[C@@H]1C[C@@H](C(=O)N[C@@H]([C@H]2O[C@H](SC)[C@H](O)[C@@H](O)[C@H]2O)[C@@H](C)O)[N@H+](C)C1,4.635,0.9386,0.9223,0.6054,0.7034,0.5813,0.5596,synthetic,round_0
863031-21-4,pa_h5n1,PA,H5N1,CCOc1nc2cccc(C(=O)OCc3oc(=O)oc3C)c2n1Cc1ccc(-c2ccccc2-c2noc(=O)[nH]2)cc1,4.183,0.7157,0.4803,0.5044,0.4082,0.6978,0.3648,synthetic,round_0
873857-62-6,pa_h5n1,PA,H5N1,CCc1c(Cl)c([O-])c(Cl)c(O)c1C(=O)O[C@H]1[C@H](O)[C@H](OC)[C@H](OC/C2=C\C=C\C[C@H](O)/C(C)=C/[C@H](CC)[C@@H](O[C@@H]3OC(C)(C)[C@@H](OC(=O)C(C)C)[C@H](O)[C@@H]3O)/C(C)=C/C(C)=C/C[C@@H]([C@@H](C)O)OC2=O)O[C@@H]1C,4.357,0.9034,0.9418,0.6078,0.4551,0.649,0.7638,synthetic,round_0
877399-52-5,pa_h5n1,PA,H5N1,C[C@@H](Oc1cc(-c2cnn(C3CC[NH2+]CC3)c2)c[nH+]c1N)c1c(Cl)ccc(F)c1Cl,3.784,0.4808,0.3199,0.6877,0.9332,0.5601,0.2566,synthetic,round_0
879085-55-9,pa_h5n1,PA,H5N1,CS(=O)(=O)c1ccc(C(=O)Nc2ccc(Cl)c(-c3ccccn3)c2)c(Cl)c1,3.968,0.3649,0.9049,0.3925,0.4087,0.3344,0.1723,synthetic,round_0
880149-29-1,pa_h5n1,PA,H5N1,O=C([O-])CC(O)(CC(=O)[O-])C(=O)[O-],5.139,0.758,0.6514,0.9427,0.9534,0.4759,0.9047,synthetic,round_0
88150-42-9,pa_h5n1,PA,H5N1,CCOC(=O)C1=C(COCC[NH3+])NC(C)=C(C(=O)OC)[C@H]1c1ccccc1Cl,7.323,0.8955,0.8759,0.9796,0.999,0.9948,0.8257,synthetic,round_0
88889-14-9,pa_h5n1,PA,H5N1,CCC(=O)O[C@H](O[P@@](=O)(CCCCc1ccccc1)CC(=O)N1C[C@H](C2CCCCC2)C[C@H]1C(=O)[O-])C(C)C,3.866,0.2472,0.8228,0.1143,0.3563,0.4968,0.0432,synthetic,round_0
89-25-8,pa_h5n1,PA,H5N1,Cc1cc(O)n(-c2ccccc2)n1,4.113,0.1329,0.9044,0.0135,0.2955,0.8242,0.5574,synthetic,round_0
90357-06-5,pa_h5n1,PA,H5N1,C[C@](O)(CS(=O)(=O)c1ccc(F)cc1)C(=O)Nc1ccc(C#N)c(C(F)(F)F)c1,5.306,0.5011,0.3026,0.851,0.8578,0.8916,0.4485,synthetic,round_0
91374-20-8,pa_h5n1,PA,H5N1,CCC[NH+](CCC)CCc1cccc2c1CC(=O)N2,4.375,0.8993,0.8586,0.086,0.0901,0.8508,0.0899,synthetic,round_0
91832-40-5,pa_h5n1,PA,H5N1,C=CC1=C(C(=O)[O-])N2C(=O)[C@@H](NC(=O)/C(=N\O)c3csc(N)n3)[C@H]2SC1,5.022,0.7268,0.7034,0.1159,0.1151,0.0183,0.3534,synthetic,round_0
936563-96-1,pa_h5n1,PA,H5N1,C=CC(=O)N1CCC[C@@H](n2nc(-c3ccc(Oc4ccccc4)cc3)c3c(N)ncnc32)C1,5.343,0.4035,0.9234,0.988,0.8671,0.3694,0.0663,synthetic,round_0
93793-83-0,pa_h5n1,PA,H5N1,CC(=O)OCC(=O)NCCCOc1cccc(C[NH+]2CCCCC2)c1,3.749,0.4799,0.2038,0.64,0.8257,0.7718,0.264,synthetic,round_0
93957-55-2,pa_h5n1,PA,H5N1,CC(C)n1c(C=C[C@@H](O)C[C@@H](O)CC(=O)[O-])c(-c2ccc(F)cc2)c2ccccc21,3.717,0.7164,0.1496,0.0729,0.1785,0.3345,0.4088,synthetic,round_0
941678-49-5,pa_h5n1,PA,H5N1,N#CC[C@H](C1CCCC1)n1cc(-c2ncnc3[nH]ccc23)cn1,5.341,0.4971,0.5282,0.5792,0.7293,0.0478,0.3639,synthetic,round_0
95-25-0,pa_h5n1,PA,H5N1,O=c1[nH]c2cc(Cl)ccc2o1,4.085,0.0351,0.376,0.1624,0.5404,0.4831,0.5562,synthetic,round_0
95635-55-5,pa_h5n1,PA,H5N1,COc1ccccc1OC[C@@H](O)C[NH+]1CCN(CC(=O)Nc2c(C)cccc2C)CC1,4.373,0.9856,0.9579,0.5955,0.6919,0.9287,0.3584,synthetic,round_0
96829-58-2,pa_h5n1,PA,H5N1,CCCCCCCCCCC[C@@H](C[C@@H]1OC(=O)[C@H]1CCCCCC)OC(=O)[C@H](CC(C)C)NC=O,3.611,0.9944,0.909,0.5903,0.2277,0.2064,0.6608,synthetic,round_0
97-77-8,pa_h5n1,PA,H5N1,CCN(CC)C(=S)SSC(=S)N(CC)CC,4.424,0.8649,0.9927,0.5697,0.2241,0.4063,0.0429,synthetic,round_0
97240-79-4,pa_h5n1,PA,H5N1,CC1(C)O[C@@H]2[C@@H](CO[C@@]3(COS(N)(=O)=O)OC(C)(C)O[C@@H]23)O1,4.622,0.9711,0.999,0.7632,0.6938,0.7754,0.1474,synthetic,round_0
99300-78-4,pa_h5n1,PA,H5N1,COc1ccc([C@H](C[NH+](C)C)C2(O)CCCCC2)cc1,4.167,0.0731,0.404,0.9955,0.6593,0.8808,0.986,synthetic,round_0
99592-39-9,pa_h5n1,PA,H5N1,Clc1ccc([C@H](Cn2cc[nH+]c2)OCc2csc3c(Cl)cccc23)c(Cl)c1,4.559,0.9982,0.7862,0.4581,0.6094,0.0732,0.2468,synthetic,round_0
