compound_id,target_id,isomeric_smiles,glidesp_pr,pignet2_pr,ligunity_pr,boltz2_pr,balm_pr,mammal_pr
1004316-88-4,pa_ph1n1,CC(C)c1nc(CN(C)C(=O)N[C@@H](CCN2CCOCC2)C(=O)N[C@H](CC[C@H](Cc2ccccc2)NC(=O)OCc2cncs2)Cc2ccccc2)cs1,0.3652,0.2557,0.0747,0.1678,0.1934,0.5381
100643-71-8,pa_ph1n1,Clc1ccc2c(c1)CCc1cccnc1C2=C1CC[NH2+]CC1,0.5391,0.4642,0.8943,0.4659,0.9183,0.8232
101-26-8,pa_ph1n1,CN(C)C(=O)Oc1ccc[n+](C)c1,0.0952,0.1544,0.5035,0.3167,0.6824,0.3985
101477-54-7,pa_ph1n1,COc1ccc(C[NH+]2CCN(C(c3ccc(F)cc3)c3ccc(F)cc3)CC2)c(OC)c1OC,0.8167,0.5384,0.6485,0.5496,0.1712,0.915
101827-46-7,pa_ph1n1,C[N@@H+](Cc1ccc(C(C)(C)C)cc1)Cc1cccc2ccccc12,0.9765,0.974,0.3338,0.6463,0.001,0.0065
103-16-2,pa_ph1n1,Oc1ccc(OCc2ccccc2)cc1,0.9853,0.9852,0.8666,0.8991,0.5858,0.6969
103177-37-3,pa_ph1n1,O=C(Nc1cccc2c(=O)cc(-c3nnn[n-]3)oc12)c1ccc(OCCCCc2ccccc2)cc1,0.884,0.5779,0.4503,0.259,0.3702,0.3171
10405-02-4,pa_ph1n1,O=C(O[C@H]1C[C@H]2CC[C@@H](C1)[N+]21CCCC1)C(O)(c1ccccc1)c1ccccc1,0.5685,0.7508,0.7798,0.4578,0.2373,0.7501
1041434-82-5,pa_ph1n1,CCC(CC)[C@H](NC(C)=O)[C@@H]1[C@H](O)[C@@H](C(=O)[O-])C[C@H]1NC(N)=[NH2+],0.7475,0.5724,0.8258,0.2659,0.3405,0.3984
104227-87-4,pa_ph1n1,CC(=O)OCC(CCn1cnc2cnc(N)nc21)COC(C)=O,0.409,0.9053,0.4112,0.1814,0.9457,0.7029
104632-26-0,pa_ph1n1,CCC[NH2+][C@H]1CCc2nc(N)sc2C1,0.2104,0.7227,0.4781,0.4056,0.263,0.1258
105462-24-6,pa_ph1n1,O=P([O-])(O)C(O)(Cc1cccnc1)P(=O)([O-])O,0.4128,0.2735,0.2985,0.6409,0.7367,0.9567
105816-04-4,pa_ph1n1,CC(C)[C@H]1CC[C@H](C(=O)N[C@H](Cc2ccccc2)C(=O)[O-])CC1,0.8539,0.9918,0.9949,0.999,0.537,0.6442
106266-06-2,pa_ph1n1,Cc1nc2n(c(=O)c1CC[N@H+]1CC[C@H](c3noc4cc(F)ccc43)CC1)CCCC2,0.9225,0.9447,0.9454,0.8932,0.6485,0.245
106308-44-5,pa_ph1n1,NC(=O)c1cn(Cc2c(F)cccc2F)nn1,0.9956,0.9959,0.9125,0.8437,0.6282,0.9481
106685-40-9,pa_ph1n1,COc1ccc(-c2ccc3cc(C(=O)[O-])ccc3c2)cc1C12C[C@H]3C[C@@H](C1)C[C@@H](C2)C3,0.3291,0.147,0.4824,0.8204,0.5307,0.2367
1069-66-5,pa_ph1n1,CCCC(CCC)C(=O)[O-],0.5897,0.9345,0.3264,0.4442,0.5143,0.6901
107-35-7,pa_ph1n1,[NH3+]CCS(=O)(=O)[O-],0.8163,0.9504,0.8485,0.8086,0.9649,0.1998
1070-11-7,pa_ph1n1,CC[C@H](CO)[NH2+]CC[NH2+][C@H](CC)CO,0.9648,0.8935,0.152,0.6207,0.3456,0.0674
107133-36-8,pa_ph1n1,CCC[C@H]([NH2+][C@@H](C)C(=O)N1[C@H](C(=O)[O-])C[C@@H]2CCCC[C@@H]21)C(=O)OCC,0.5989,0.9188,0.5483,0.1572,0.1348,0.8436
107724-20-9,pa_ph1n1,COC(=O)[C@@H]1CC2=CC(=O)CC[C@]2(C)[C@@]23O[C@@H]2C[C@@]2(C)[C@@H](CC[C@@]24CCC(=O)O4)[C@H]13,0.3447,0.8121,0.377,0.6865,0.6728,0.7762
108341-18-0,pa_ph1n1,[NH3+]C[C@@H](O)c1ccc(O)c(O)c1,0.0635,0.1554,0.7537,0.6253,0.0789,0.6454
1104-22-9,pa_ph1n1,Cc1cccc(CN2CC[NH+]([C@@H](c3ccccc3)c3ccc(Cl)cc3)CC2)c1,0.6235,0.3908,0.0356,0.216,0.0435,0.371
111406-87-2,pa_ph1n1,C[C@@H](c1cc2ccccc2s1)N(O)C(N)=O,0.9084,0.2629,0.9658,0.9821,0.6024,0.3578
1115-70-4,pa_ph1n1,CN(C)C(=[NH2+])N=C(N)N,0.3021,0.1774,0.0725,0.0414,0.0047,0.0331
111974-72-2,pa_ph1n1,OCCOCC[NH+]1CCN(C2=Nc3ccccc3Sc3ccccc32)CC1,0.35,0.3564,0.6966,0.4097,0.3549,0.6304
112529-15-4,pa_ph1n1,CCc1ccc(CCOc2ccc(C[C@@H]3SC(=O)NC3=O)cc2)nc1,0.7444,0.9832,0.9907,0.999,0.1685,0.6163
112809-51-5,pa_ph1n1,N#Cc1ccc(C(c2ccc(C#N)cc2)n2cncn2)cc1,0.8931,0.8845,0.6143,0.8532,0.2764,0.0789
112885-42-4,pa_ph1n1,CCOc1cc(N)c(Cl)cc1C(=O)NC[C@H]1C[N@@H+](Cc2ccc(F)cc2)CCO1,0.8807,0.8295,0.2374,0.1372,0.4126,0.0748
113-59-7,pa_ph1n1,C[NH+](C)CC/C=C1/c2ccccc2Sc2ccc(Cl)cc21,0.2382,0.8141,0.4903,0.4686,0.2977,0.9499
113-92-8,pa_ph1n1,C[NH+](C)CC[C@@H](c1ccc(Cl)cc1)c1ccccn1,0.0613,0.6132,0.6039,0.2131,0.1429,0.8746
113852-37-2,pa_ph1n1,Nc1ccn(C[C@@H](CO)OCP(=O)([O-])[O-])c(=O)n1,0.9113,0.2781,0.6713,0.8383,0.0879,0.0222
115256-11-6,pa_ph1n1,C[N@@H+](CCOc1ccc(NS(C)(=O)=O)cc1)CCc1ccc(NS(C)(=O)=O)cc1,0.5149,0.2628,0.2512,0.6316,0.6646,0.621
1156-19-0,pa_ph1n1,Cc1ccc(S(=O)(=O)[N-]C(=O)NN2CCCCCC2)cc1,0.3878,0.6567,0.3467,0.4744,0.9473,0.9851
117-37-3,pa_ph1n1,COc1ccc(C2=C([O-])c3ccccc3C2=O)cc1,0.7805,0.6851,0.7707,0.8743,0.3946,0.0911
118072-93-8,pa_ph1n1,O=P([O-])([O-])[C@@](O)(Cn1cc[nH+]c1)P(=O)([O-])O,0.3647,0.8054,0.4347,0.6977,0.3228,0.1778
119413-54-6,pa_ph1n1,CC[C@@]1(O)C(=O)OCc2c1cc1n(c2=O)Cc2cc3c(C[NH+](C)C)c(O)ccc3nc2-1,0.6948,0.8099,0.517,0.7674,0.7098,0.3307
1195765-45-7,pa_ph1n1,CC(C)(C)c1nc(-c2cccc(NS(=O)(=O)c3c(F)cccc3F)c2F)c(-c2ccnc(N)n2)s1,0.7972,0.5352,0.1305,0.0686,0.3129,0.561
120-97-8,pa_ph1n1,NS(=O)(=O)c1cc(Cl)c(Cl)c(S(N)(=O)=O)c1,0.0195,0.0102,0.5417,0.1566,0.1036,0.0131
120011-70-3,pa_ph1n1,COc1cc2c(cc1OC)C(=O)[C@@H](C[C@H]1CC[N@H+](Cc3ccccc3)CC1)C2,0.25,0.4509,0.7994,0.663,0.8967,0.9684
120202-66-6,pa_ph1n1,COC(=O)[C@H](c1ccccc1Cl)N1CCc2sccc2C1,0.8838,0.918,0.8357,0.8756,0.9583,0.963
120511-73-1,pa_ph1n1,CC(C)(C#N)c1cc(Cn2cncn2)cc(C(C)(C)C#N)c1,0.999,0.985,0.7824,0.7431,0.0584,0.1972
122111-03-9,pa_ph1n1,Nc1ccn([C@@H]2O[C@H](CO)[C@@H](O)C2(F)F)c(=O)n1,0.7727,0.946,0.9625,0.9118,0.7631,0.6772
122320-73-4,pa_ph1n1,CN(CCOc1ccc(C[C@@H]2SC(=O)NC2=O)cc1)c1cccc[nH+]1,0.7754,0.8207,0.6666,0.3623,0.1894,0.4605
122647-32-9,pa_ph1n1,CCCCCCC[N@@H+](CC)CCC[C@H](O)c1ccc(NS(C)(=O)=O)cc1,0.4808,0.202,0.4952,0.7553,0.1909,0.5179
122883-93-6,pa_ph1n1,O=C1Cc2cc(CC[NH+]3CCN(c4nsc5ccccc45)CC3)c(Cl)cc2N1,0.9739,0.9931,0.8206,0.8456,0.9972,0.9236
1247-42-3,pa_ph1n1,C[C@H]1C[C@H]2[C@@H]3CCC4=CC(=O)C=C[C@]4(C)[C@H]3C(=O)C[C@]2(C)[C@@]1(O)C(=O)CO,0.9151,0.778,0.9255,0.9853,0.9615,0.9795
124750-99-8,pa_ph1n1,CCCCc1nc(Cl)c(CO)n1Cc1ccc(-c2ccccc2-c2nnn[n-]2)cc1,0.4273,0.6659,0.2165,0.4029,0.3236,0.4504
124937-52-6,pa_ph1n1,Cc1ccc(O)c([C@H](CC[NH+](C(C)C)C(C)C)c2ccccc2)c1,0.6121,0.4315,0.7,0.4182,0.6165,0.5513
125-84-8,pa_ph1n1,CC[C@@]1(c2ccc(N)cc2)CCC(=O)NC1=O,0.3818,0.535,0.9713,0.9716,0.5861,0.1204
1263-89-4,pa_ph1n1,N[C@H]1[C@@H](O[C@H]2[C@@H](O)[C@H](O[C@@H]3[C@@H](O)[C@H](N)C[C@H]([NH3+])[C@H]3O[C@H]3O[C@H](CO)[C@@H](O)[C@H](O)[C@H]3N)O[C@@H]2CO)O[C@@H](C[NH3+])[C@@H](O)[C@@H]1O,0.751,0.1424,0.8213,0.9481,0.0837,0.3177
1264-62-6,pa_ph1n1,CCOC(=O)CCC(=O)O[C@H]1[C@H](O[C@@H]2[C@@H](C)[C@H](O[C@H]3C[C@@](C)(OC)[C@@H](O)[C@H](C)O3)[C@@H](C)C(=O)O[C@H](CC)[C@@](C)(O)[C@H](O)[C@@H](C)C(=O)[C@H](C)C[C@@]2(C)O)O[C@H](C)C[C@@H]1N(C)C,0.6666,0.5256,0.4906,0.4987,0.001,0.1707
127-07-1,pa_ph1n1,NC(=O)NO,0.2498,0.5539,0.3945,0.0863,0.6099,0.2069
127-56-0,pa_ph1n1,CC(=O)NS(=O)(=O)c1ccc(N)cc1,0.8893,0.9363,0.936,0.7937,0.4085,0.9854
127-79-7,pa_ph1n1,Cc1ccnc([N-]S(=O)(=O)c2ccc(N)cc2)n1,0.8023,0.0314,0.4245,0.4404,0.8216,0.3991
128794-94-5,pa_ph1n1,COc1c(C)c2c(c(O)c1C/C=C(\C)CCC(=O)OCCN1CCOCC1)C(=O)OC2,0.5854,0.6774,0.642,0.3254,0.3501,0.0244
129101-54-8,pa_ph1n1,CCN(C)C(=O)Oc1cccc([C@H](C)[NH+](C)C)c1,0.8763,0.6262,0.8063,0.8922,0.9584,0.7519
129497-78-5,pa_ph1n1,C=Cc1c(C)c2cc3nc(cc4[nH]c(cc5[nH+]c(cc1[nH]2)C(C)=C5CCC(=O)OC)c(CCC(=O)[O-])c4C)[C@@]1(C)C3=CC=C(C(=O)OC)[C@H]1C(=O)OC,0.0634,0.3472,0.1103,0.3629,0.1851,0.899
129722-12-9,pa_ph1n1,O=C1CCc2ccc(OCCCC[NH+]3CCN(c4cccc(Cl)c4Cl)CC3)cc2N1,0.4805,0.8685,0.9578,0.7848,0.4419,0.515
130-61-0,pa_ph1n1,CSc1ccc2c(c1)N(CC[C@H]1CCCC[N@@H+]1C)c1ccccc1S2,0.3158,0.5502,0.1705,0.0459,0.1295,0.0041
13010-47-4,pa_ph1n1,O=NN(CCCl)C(=O)NC1CCCCC1,0.6001,0.8178,0.7139,0.734,0.9445,0.6619
132-17-2,pa_ph1n1,C[N@@H+]1[C@@H]2CC[C@H]1C[C@@H](OC(c1ccccc1)c1ccccc1)C2,0.8834,0.6547,0.389,0.3686,0.2633,0.7049
132-18-3,pa_ph1n1,C[N@H+]1CC[C@H](OC(c2ccccc2)c2ccccc2)CC1,0.3385,0.6407,0.022,0.0587,0.6393,0.6734
132539-06-1,pa_ph1n1,Cc1cc2c(s1)Nc1ccccc1N=C2N1CC[NH+](C)CC1,0.9571,0.927,0.5533,0.5873,0.0965,0.865
13292-46-1,pa_ph1n1,CO[C@H]1/C=C\O[C@@]2(C)Oc3c(C)c([O-])c4c(O)c(c(/C=N/N5CC[NH+](C)CC5)c([O-])c4c3C2=O)NC(=O)/C(C)=C/C=C\[C@H](C)[C@H](O)[C@@H](C)[C@@H](O)[C@@H](C)[C@H](OC(C)=O)[C@@H]1C,0.7639,0.1856,0.2315,0.1829,0.0084,0.2225
133-67-5,pa_ph1n1,NS(=O)(=O)c1cc2c(cc1Cl)N[C@H](C(Cl)Cl)NS2(=O)=O,0.9652,0.9866,0.8778,0.9245,0.534,0.9414
133099-07-7,pa_ph1n1,NC(=O)C(c1ccccc1)(c1ccccc1)[C@@H]1CC[N@H+](CCc2ccc3c(c2)CCO3)C1,0.9953,0.9874,0.6593,0.4896,0.0477,0.4609
133454-47-4,pa_ph1n1,COc1cc(C(C)=O)ccc1OCCC[N@H+]1CC[C@@H](c2noc3cc(F)ccc32)CC1,0.999,0.999,0.8858,0.9288,0.8599,0.1998
134308-13-7,pa_ph1n1,Cc1ccc(C(=O)c2cc(O)c(O)c([N+](=O)[O-])c2)cc1,0.2931,0.0553,0.4387,0.6798,0.0222,0.1921
134523-03-8,pa_ph1n1,CC(C)c1c(C(=O)Nc2ccccc2)c(-c2ccccc2)c(-c2ccc(F)cc2)n1CC[C@@H](O)C[C@@H](O)CC(=O)[O-],0.4701,0.7698,0.9707,0.9427,0.8199,0.9109
135729-62-3,pa_ph1n1,O=C1c2cccc3c2[C@H](CCC3)CN1[C@@H]1C[N@H+]2CC[C@@H]1CC2,0.957,0.3749,0.1428,0.6941,0.5716,0.8427
136-40-3,pa_ph1n1,Nc1ccc(N=Nc2ccccc2)c(N)n1,0.8472,0.4905,0.6465,0.4929,0.9008,0.5886
136572-09-3,pa_ph1n1,CCc1c2c(nc3ccc(OC(=O)N4CCC([NH+]5CCCCC5)CC4)cc13)-c1cc3c(c(=O)n1C2)COC(=O)[C@]3(O)CC,0.2547,0.451,0.4824,0.2511,0.044,0.1832
137-58-6,pa_ph1n1,CC[NH+](CC)CC(=O)Nc1c(C)cccc1C,0.9744,0.969,0.8558,0.9406,0.0763,0.767
137071-32-0,pa_ph1n1,CC[C@@H]1/C=C(\C)C[C@H](C)C[C@H](OC)[C@H]2O[C@@](O)(C(=O)C(=O)N3CCCC[C@H]3C(=O)O[C@H](/C(C)=C/[C@@H]3CC[C@H](Cl)[C@H](OC)C3)[C@H](C)[C@@H](O)CC1=O)[C@H](C)C[C@@H]2OC,0.4625,0.4013,0.0299,0.1036,0.1078,0.1061
138402-11-6,pa_ph1n1,CCCCC1=NC2(CCCC2)C(=O)N1Cc1ccc(-c2ccccc2-c2nnn[n-]2)cc1,0.6264,0.9821,0.1762,0.9143,0.6656,0.2495
138530-94-6,pa_ph1n1,Cc1c(OCC(F)(F)F)cc[nH+]c1C[S@](=O)c1nc2ccccc2[nH]1,0.9525,0.9866,0.9517,0.8406,0.2451,0.3445
138926-19-9,pa_ph1n1,CCCCC[N@@H+](C)CC[C@@](O)(P(=O)([O-])[O-])P(=O)([O-])O,0.9381,0.9703,0.7049,0.8064,0.6108,0.8632
139110-80-8,pa_ph1n1,CC(=O)N[C@H]1[C@H]([C@H](O)[C@H](O)CO)OC(C(=O)[O-])=C[C@@H]1NC(N)=[NH2+],0.1832,0.7215,0.0373,0.0402,0.3377,0.893
140462-76-6,pa_ph1n1,C[NH+](C)CC/C=C1/c2ccccc2COc2ccc(CC(=O)[O-])cc21,0.9981,0.999,0.7108,0.7724,0.9225,0.0797
141-90-2,pa_ph1n1,O=c1cc[nH]c(=S)[nH]1,0.8869,0.9793,0.4102,0.3721,0.4522,0.1556
141505-33-1,pa_ph1n1,C[C@@H]1CC(=O)NN=C1c1ccc([N-]N=C(C#N)C#N)cc1,0.9595,0.9421,0.768,0.9488,0.9218,0.9145
141625-93-6,pa_ph1n1,CCCCc1oc2ccc([N-]S(C)(=O)=O)cc2c1C(=O)c1ccc(OCCC[NH+](CCCC)CCCC)cc1,0.9149,0.8851,0.7325,0.3574,0.3482,0.5919
142340-99-6,pa_ph1n1,CC(C)(C)C(=O)OCOP(=O)(COCCn1cnc2c(N)ncnc21)OCOC(=O)C(C)(C)C,0.5689,0.7526,0.1038,0.1107,0.011,0.3088
144-82-1,pa_ph1n1,Cc1nnc([N-]S(=O)(=O)c2ccc(N)cc2)s1,0.2855,0.7845,0.959,0.8752,0.3638,0.6543
144060-53-7,pa_ph1n1,Cc1nc(-c2ccc(OCC(C)C)c(C#N)c2)sc1C(=O)[O-],0.1905,0.0806,0.3763,0.2459,0.7515,0.4198
144689-63-4,pa_ph1n1,CCCCc1nc(C(C)(C)O)c(C(=O)OCc2oc(=O)oc2C)n1Cc1ccc(-c2ccccc2-c2nnn[n-]2)cc1,0.7855,0.6389,0.9134,0.9212,0.5729,0.6952
144701-48-4,pa_ph1n1,CCCc1[nH+]c2c(C)cc(-c3[nH+]c4ccccc4n3C)cc2n1Cc1ccc(-c2ccccc2C(=O)[O-])cc1,0.9084,0.6828,0.0291,0.2938,0.3459,0.5395
145040-37-5,pa_ph1n1,CCOc1nc2cccc(C(=O)O[C@@H](C)OC(=O)OC3CCCCC3)c2n1Cc1ccc(-c2ccccc2-c2nnn[n-]2)cc1,0.3854,0.3696,0.2877,0.1716,0.0745,0.0905
145108-58-3,pa_ph1n1,Cc1cccc([C@H](C)c2c[nH+]c[nH]2)c1C,0.4436,0.2446,0.3734,0.5689,0.2002,0.6093
146464-95-1,pa_ph1n1,C#CC[C@@H](Cc1cnc2nc(N)nc(N)c2n1)c1ccc(C(=O)N[C@@H](CCC(=O)[O-])C(=O)[O-])cc1,0.2858,0.7088,0.8664,0.1974,0.4267,0.1921
147-94-4,pa_ph1n1,Nc1ccn([C@@H]2O[C@H](CO)[C@@H](O)[C@@H]2O)c(=O)n1,0.696,0.7119,0.6176,0.8588,0.1854,0.8255
147127-20-6,pa_ph1n1,C[C@H](Cn1cnc2c(N)ncnc21)OCP(=O)([O-])O,0.6358,0.4774,0.1447,0.3591,0.3088,0.4408
147403-03-0,pa_ph1n1,CCOc1nc2cccc(C(=O)O)c2n1Cc1ccc(-c2ccccc2-c2noc(=O)[nH]2)cc1,0.9811,0.9394,0.999,0.9831,0.6248,0.7598
1476-53-5,pa_ph1n1,CO[C@@H]1[C@H](OC(N)=O)[C@@H](O)[C@H](Oc2ccc3c([O-])c(NC(=O)c4ccc([O-])c(CC=C(C)C)c4)c(=O)oc3c2C)OC1(C)C,0.2936,0.4653,0.2166,0.4253,0.2771,0.1666
148-79-8,pa_ph1n1,c1ccc2[nH]c(-c3cscn3)nc2c1,0.9291,0.7215,0.8322,0.9388,0.3969,0.0155
148849-67-6,pa_ph1n1,COc1cc2c(cc1OC)CC(=O)N(CCC[N@@H+](C)C[C@H]1Cc3cc(OC)c(OC)cc31)CC2,0.9741,0.9758,0.8443,0.9671,0.51,0.2627
149647-78-9,pa_ph1n1,O=C(CCCCCCC(=O)Nc1ccccc1)NO,0.8468,0.9923,0.9041,0.9042,0.7119,0.6332
150-76-5,pa_ph1n1,COc1ccc(O)cc1,0.336,0.6492,0.044,0.0388,0.5484,0.4127
150322-43-3,pa_ph1n1,CC(=O)Oc1cc2c(s1)CCN([C@H](C(=O)C1CC1)c1ccccc1F)C2,0.8186,0.6957,0.2398,0.128,0.2708,0.5488
150399-23-8,pa_ph1n1,Nc1nc2[nH]cc(CCc3ccc(C(=O)N[C@@H](CCC(=O)[O-])C(=O)[O-])cc3)c2c(=O)[nH]1,0.7104,0.923,0.6218,0.8737,0.4667,0.6549
150683-30-0,pa_ph1n1,Cc1ccccc1C(=O)Nc1ccc(C(=O)N2CCC[C@@H](O)c3cc(Cl)ccc32)c(C)c1,0.0039,0.0795,0.4062,0.2892,0.6809,0.9637
1508-65-2,pa_ph1n1,CC[NH+](CC)CC#CCOC(=O)[C@](O)(c1ccccc1)C1CCCCC1,0.8907,0.8281,0.9441,0.8881,0.5694,0.1934
1508-75-4,pa_ph1n1,CCN(Cc1ccncc1)C(=O)[C@H](CO)c1ccccc1,0.9792,0.9678,0.9719,0.6924,0.4292,0.7235
1508-76-5,pa_ph1n1,O[C@](CC[NH+]1CCCC1)(c1ccccc1)C1CCCCC1,0.1322,0.0148,0.0285,0.1793,0.1387,0.818
152-62-5,pa_ph1n1,CC(=O)[C@H]1CC[C@H]2[C@@H]3C=CC4=CC(=O)CC[C@@]4(C)[C@@H]3CC[C@]12C,0.9562,0.7394,0.9362,0.9955,0.7639,0.9904
152520-56-4,pa_ph1n1,O[C@@H](C[NH2+]C[C@H](O)[C@H]1CCc2cc(F)ccc2O1)[C@H]1CCc2cc(F)ccc2O1,0.9489,0.5424,0.9757,0.9105,0.999,0.9899
15307-81-0,pa_ph1n1,O=C([O-])Cc1ccccc1Nc1c(Cl)cccc1Cl,0.8114,0.9406,0.7609,0.7135,0.2033,0.0377
153559-49-0,pa_ph1n1,C=C(c1ccc(C(=O)[O-])cc1)c1cc2c(cc1C)C(C)(C)CCC2(C)C,0.2687,0.5755,0.4198,0.8626,0.5825,0.1877
154229-19-3,pa_ph1n1,C[C@]12CC[C@H](O)CC1=CC[C@@H]1[C@@H]2CC[C@]2(C)C(c3cccnc3)=CC[C@@H]12,0.346,0.7277,0.393,0.2685,0.5533,0.2973
154361-50-9,pa_ph1n1,CCCCCOC(=O)Nc1nc(=O)n([C@@H]2O[C@H](C)[C@@H](O)[C@H]2O)cc1F,0.8856,0.9924,0.8771,0.4226,0.8238,0.7621
155206-00-1,pa_ph1n1,CCNC(=O)CCC/C=C\C[C@@H]1[C@@H](/C=C/[C@@H](O)CCc2ccccc2)[C@H](O)C[C@@H]1O,0.9075,0.935,0.4969,0.6224,0.9636,0.3365
155213-67-5,pa_ph1n1,CC(C)c1nc(CN(C)C(=O)N[C@H](C(=O)N[C@@H](Cc2ccccc2)C[C@H](O)[C@H](Cc2ccccc2)NC(=O)OCc2cncs2)C(C)C)cs1,0.3446,0.7149,0.9838,0.954,0.027,0.5112
156-57-0,pa_ph1n1,[NH3+]CCS,0.0289,0.001,0.2551,0.7037,0.1561,0.0688
15686-71-2,pa_ph1n1,CC1=C(C(=O)[O-])N2C(=O)[C@@H](NC(=O)[C@H]([NH3+])c3ccccc3)[C@H]2SC1,0.4739,0.0074,0.3733,0.4676,0.1854,0.075
159811-51-5,pa_ph1n1,CC(=O)[C@@]1(O)CC[C@H]2[C@@H]3CCC4=CC(=O)CCC4=C3[C@@H](c3ccc([NH+](C)C)cc3)C[C@@]21C,0.8996,0.3895,0.9085,0.9645,0.4486,0.7313
160970-54-7,pa_ph1n1,C[C@H](Cc1cc2c(c(C(N)=O)c1)N(CCCO)CC2)[NH2+]CCOc1ccccc1OCC(F)(F)F,0.4349,0.6562,0.8839,0.825,0.1438,0.3966
161735-79-1,pa_ph1n1,C#CC[NH2+][C@@H]1CCc2ccccc21,0.0986,0.7616,0.4425,0.4961,0.1979,0.1848
161814-49-9,pa_ph1n1,CC(C)CN(C[C@@H](O)[C@H](Cc1ccccc1)NC(=O)O[C@H]1CCOC1)S(=O)(=O)c1ccc(N)cc1,0.6049,0.8003,0.1233,0.1856,0.1466,0.1424
162011-90-7,pa_ph1n1,CS(=O)(=O)c1ccc(C2=C(c3ccccc3)C(=O)OC2)cc1,0.0919,0.0212,0.5432,0.488,0.3437,0.4389
162401-32-3,pa_ph1n1,O=C(Nc1c(Cl)cncc1Cl)c1ccc(OC(F)F)c(OCC2CC2)c1,0.7231,0.3802,0.9398,0.9483,0.0787,0.1597
163222-33-1,pa_ph1n1,O=C1[C@H](CC[C@H](O)c2ccc(F)cc2)[C@@H](c2ccc(O)cc2)N1c1ccc(F)cc1,0.7289,0.2577,0.0583,0.1635,0.3935,0.3011
164656-23-9,pa_ph1n1,C[C@]12C=CC(=O)N[C@@H]1CC[C@@H]1[C@@H]2CC[C@]2(C)[C@@H](C(=O)Nc3cc(C(F)(F)F)ccc3C(F)(F)F)CC[C@@H]12,0.243,0.8359,0.1952,0.2281,0.7018,0.5609
165800-03-3,pa_ph1n1,CC(=O)NC[C@H]1CN(c2ccc(N3CCOCC3)c(F)c2)C(=O)O1,0.0719,0.5693,0.7157,0.1643,0.2344,0.0661
169590-42-5,pa_ph1n1,Cc1ccc(-c2cc(C(F)(F)F)nn2-c2ccc(S(N)(=O)=O)cc2)cc1,0.323,0.1648,0.6707,0.5223,0.9412,0.9965
170729-80-3,pa_ph1n1,C[C@@H](O[C@H]1OCCN(Cc2n[nH]c(=O)[nH]2)[C@H]1c1ccc(F)cc1)c1cc(C(F)(F)F)cc(C(F)(F)F)c1,0.9395,0.9405,0.434,0.1977,0.3862,0.0969
171599-83-0,pa_ph1n1,CCCc1nn(C)c2c(=O)[nH]c(-c3cc(S(=O)(=O)N4CC[NH+](C)CC4)ccc3OCC)nc12,0.011,0.2438,0.8881,0.2494,0.0218,0.4609
17321-77-6,pa_ph1n1,C[NH+](C)CCCN1c2ccccc2CCc2ccc(Cl)cc21,0.5028,0.6425,0.9813,0.9312,0.1629,0.3454
1744-22-5,pa_ph1n1,Nc1nc2ccc(OC(F)(F)F)cc2s1,0.5175,0.4505,0.3603,0.4992,0.143,0.365
175865-59-5,pa_ph1n1,CC(C)[C@H]([NH3+])C(=O)OC[C@H](CO)OCn1cnc2c(=O)[nH]c(N)nc21,0.7315,0.8279,0.9058,0.9428,0.5131,0.7763
179324-69-7,pa_ph1n1,CC(C)C[C@H](NC(=O)[C@H](Cc1ccccc1)NC(=O)c1cnccn1)B(O)O,0.2206,0.3499,0.9191,0.7584,0.3221,0.4366
179463-17-3,pa_ph1n1,CC[C@@H](C)C[C@H](C)CCCCCCCCC(=O)N[C@H]1C[C@@H](O)[C@@H](NCC[NH3+])NC(=O)[C@@H]2[C@@H](O)CCN2C(=O)[C@H]([C@H](O)CC[NH3+])NC(=O)[C@H]([C@@H](O)[C@H](O)c2ccc(O)cc2)NC(=O)[C@@H]2C[C@@H](O)CN2C(=O)[C@H]([C@@H](C)O)NC1=O,0.7174,0.8785,0.6608,0.8516,0.9346,0.2065
18010-40-7,pa_ph1n1,CCCC[N@@H+]1CCCC[C@@H]1C(=O)Nc1c(C)cccc1C,0.4288,0.4935,0.007,0.0418,0.786,0.6485
183133-96-2,pa_ph1n1,CO[C@H]1C(=O)[C@]2(C)[C@@H](OC)C[C@H]3OC[C@@]3(OC(C)=O)[C@H]2[C@H](OC(=O)c2ccccc2)[C@]2(O)C[C@H](OC(=O)[C@H](O)[C@@H](NC(=O)OC(C)(C)C)c3ccccc3)C(C)=C1C2(C)C,0.7069,0.4295,0.245,0.1265,0.0372,0.1393
186826-86-8,pa_ph1n1,COc1c(N2C[C@@H]3CCC[NH2+][C@@H]3C2)c(F)cc2c(=O)c(C(=O)[O-])cn(C3CC3)c12,0.6527,0.4995,0.1286,0.363,0.7828,0.282
188062-50-2,pa_ph1n1,Nc1nc(NC2CC2)c2ncn([C@H]3C=C[C@@H](CO)C3)c2n1,0.7781,0.9239,0.9225,0.916,0.6324,0.4144
190786-44-8,pa_ph1n1,O=C([O-])CCC[N@H+]1CC[C@H](O[C@@H](c2ccc(Cl)cc2)c2ccccn2)CC1,0.8418,0.2673,0.9501,0.7966,0.5764,0.5549
19171-19-8,pa_ph1n1,Nc1cccc2c1C(=O)N([C@@H]1CCC(=O)NC1=O)C2=O,0.0184,0.5342,0.0095,0.023,0.8286,0.4275
19356-17-3,pa_ph1n1,C=C1CC[C@@H](O)C/C1=C/C=C1\CCC[C@]2(C)[C@@H]([C@H](C)CCCC(C)(C)O)CC[C@@H]12,0.8752,0.4979,0.9676,0.9229,0.6622,0.7978
19387-91-8,pa_ph1n1,CCS(=O)(=O)CCn1c([N+](=O)[O-])cnc1C,0.6223,0.5231,0.7191,0.6347,0.6475,0.5138
1953-02-2,pa_ph1n1,C[C@@H](S)C(=O)NCC(=O)[O-],0.2473,0.0294,0.0369,0.094,0.4542,0.7171
196597-26-9,pa_ph1n1,CCC(=O)NCC[C@@H]1CCc2ccc3c(c21)CCO3,0.892,0.8349,0.7361,0.9215,0.2947,0.1405
19767-45-4,pa_ph1n1,O=S(=O)([O-])CCS,0.4871,0.8697,0.9916,0.9881,0.8969,0.8231
19774-82-4,pa_ph1n1,CCCCc1oc2ccccc2c1C(=O)c1cc(I)c(OCCN(CC)CC)c(I)c1,0.1799,0.6105,0.2707,0.4565,0.2678,0.1615
198480-56-7,pa_ph1n1,Cc1c(-c2ccc(O)cc2)n(Cc2ccc(OCC[NH+]3CCCCCC3)cc2)c2ccc(O)cc12,0.1113,0.5431,0.615,0.432,0.3965,0.0083
201530-41-8,pa_ph1n1,O=C([O-])c1ccc(-n2nc(-c3ccccc3O)nc2-c2ccccc2O)cc1,0.8788,0.8219,0.7652,0.9443,0.6975,0.3308
202138-50-9,pa_ph1n1,CC(C)OC(=O)OCOP(=O)(CO[C@H](C)Cn1cnc2c(N)ncnc21)OCOC(=O)OC(C)C,0.9764,0.8766,0.7588,0.2847,0.21,0.0054
2030-63-9,pa_ph1n1,CC(C)/[NH+]=c1/cc2n(-c3ccc(Cl)cc3)c3ccccc3nc-2cc1Nc1ccc(Cl)cc1,0.7421,0.1231,0.1267,0.1025,0.8705,0.0559
204255-11-8,pa_ph1n1,CCOC(=O)C1=C[C@@H](OC(CC)CC)[C@H](NC(C)=O)[C@@H]([NH3+])C1,0.6495,0.3847,0.3199,0.7026,0.5842,0.5614
2062-78-4,pa_ph1n1,O=c1[nH]c2ccccc2n1[C@H]1CC[N@H+](CCCC(c2ccc(F)cc2)c2ccc(F)cc2)CC1,0.0055,0.0217,0.897,0.734,0.7344,0.3935
2068-78-2,pa_ph1n1,CC[C@]1(O)C[C@H]2CN(CCc3c([nH]c4ccccc34)[C@@](C(=O)OC)(c3cc4c(cc3OC)N(C=O)[C@H]3[C@@](O)(C(=O)OC)[C@H](OC(C)=O)[C@]5(CC)C=CCN6CC[C@]43[C@@H]65)C2)C1,0.4481,0.549,0.3062,0.1582,0.1676,0.53
211915-06-9,pa_ph1n1,CCCCCCOC(=O)N/N=C/c1ccc(NCc2nc3cc(C(=O)N(CCC(=O)OCC)c4ccccn4)ccc3n2C)cc1,0.271,0.0253,0.8713,0.6747,0.0661,0.0806
21256-18-8,pa_ph1n1,O=C([O-])CCc1nc(-c2ccccc2)c(-c2ccccc2)o1,0.1894,0.1992,0.2291,0.4754,0.2478,0.5962
2135-17-3,pa_ph1n1,C[C@@H]1C[C@H]2[C@@H]3C[C@H](F)C4=CC(=O)C=C[C@]4(C)[C@@]3(F)[C@@H](O)C[C@]2(C)[C@@]1(O)C(=O)CO,0.6862,0.9968,0.4279,0.4509,0.2202,0.8046
21679-14-1,pa_ph1n1,Nc1nc(F)nc2c1ncn2[C@@H]1O[C@H](CO)[C@@H](O)[C@@H]1O,0.6528,0.5232,0.6086,0.7117,0.0689,0.7001
21736-83-4,pa_ph1n1,C[NH2+][C@@H]1[C@H](O)[C@H]([NH2+]C)[C@H]2O[C@@]3(O)C(=O)C[C@@H](C)O[C@H]3O[C@@H]2[C@H]1O,0.3031,0.0651,0.2702,0.048,0.044,0.2468
2192-20-3,pa_ph1n1,OCCOCC[NH+]1CCN([C@H](c2ccccc2)c2ccc(Cl)cc2)CC1,0.684,0.6454,0.9483,0.946,0.3743,0.6489
220127-57-1,pa_ph1n1,Cc1ccc(NC(=O)c2ccc(C[NH+]3CCN(C)CC3)cc2)cc1Nc1nccc(-c2cccnc2)n1,0.426,0.2705,0.6475,0.2925,0.0324,0.245
220620-09-7,pa_ph1n1,CN(C)c1cc(NC(=O)C[NH2+]C(C)(C)C)c(O)c2c1C[C@H]1C[C@H]3[C@H](N(C)C)C([O-])=C(C(N)=O)C(=O)[C@@]3(O)C(O)=C1C2=O,0.9415,0.9964,0.8518,0.7083,0.387,0.0265
22260-51-1,pa_ph1n1,CC(C)C[C@H]1C(=O)N2CCC[C@H]2[C@]2([O-])O[C@](NC(=O)[C@@H]3C=C4c5cccc6[nH]c(Br)c(c56)C[C@H]4N(C)C3)(C(C)C)C(=O)N12,0.9501,0.959,0.979,0.9868,0.0652,0.1128
223673-61-8,pa_ph1n1,Nc1nc(CC(=O)Nc2ccc(CC[NH2+]C[C@H](O)c3ccccc3)cc2)cs1,0.9909,0.9961,0.9854,0.8919,0.4565,0.7136
224785-90-4,pa_ph1n1,CCCc1nc(C)c2c(=O)[nH]c(-c3cc(S(=O)(=O)N4CCN(CC)CC4)ccc3OCC)nn12,0.2421,0.5398,0.8292,0.8344,0.523,0.3948
22916-47-8,pa_ph1n1,Clc1ccc(CO[C@@H](Cn2cc[nH+]c2)c2ccc(Cl)cc2Cl)c(Cl)c1,0.3865,0.2027,0.4161,0.0818,0.784,0.7007
231277-92-2,pa_ph1n1,CS(=O)(=O)CCNCc1ccc(-c2ccc3ncnc(Nc4ccc(OCc5cccc(F)c5)c(Cl)c4)c3c2)o1,0.6215,0.4213,0.5523,0.9455,0.1089,0.213
242478-38-2,pa_ph1n1,O=C(O[C@H]1C[N@H+]2CC[C@@H]1CC2)N1CCc2ccccc2[C@@H]1c1ccccc1,0.6406,0.5097,0.4769,0.4277,0.982,0.3659
2447-57-6,pa_ph1n1,COc1ncnc(NS(=O)(=O)c2ccc(N)cc2)c1OC,0.035,0.0388,0.0936,0.1597,0.3182,0.742
24729-96-2,pa_ph1n1,CCC[C@@H]1C[C@@H](C(=O)N[C@@H]([C@H]2O[C@H](SC)[C@H](OP(=O)([O-])[O-])[C@@H](O)[C@H]2O)[C@H](C)Cl)[N@@H+](C)C1,0.7119,0.4545,0.999,0.9965,0.8003,0.9006
25451-15-4,pa_ph1n1,NC(=O)OCC(COC(N)=O)c1ccccc1,0.8328,0.9974,0.5476,0.6387,0.489,0.7621
2627-69-2,pa_ph1n1,NC(=O)c1ncn([C@@H]2O[C@H](CO)[C@@H](O)[C@H]2O)c1N,0.8394,0.6402,0.2892,0.026,0.2975,0.0433
26807-65-8,pa_ph1n1,C[C@H]1Cc2ccccc2N1NC(=O)c1ccc(Cl)c(S(N)(=O)=O)c1,0.9718,0.999,0.991,0.9286,0.4579,0.5342
269055-15-4,pa_ph1n1,Cc1cc(C#N)cc(C)c1Oc1nc(Nc2ccc(C#N)cc2)nc(N)c1Br,0.6431,0.864,0.8826,0.9981,0.9102,0.7624
274693-27-5,pa_ph1n1,CCCSc1nc(N[C@@H]2C[C@H]2c2ccc(F)c(F)c2)c2nnn([C@@H]3C[C@H](OCCO)[C@@H](O)[C@H]3O)c2n1,0.6824,0.1578,0.6347,0.952,0.8159,0.0557
27833-64-3,pa_ph1n1,C[NH+]1CCN(C2=Nc3ccccc3Oc3ccc(Cl)cc32)CC1,0.0464,0.8519,0.2606,0.4796,0.1542,0.0998
2809-21-4,pa_ph1n1,C[C@](O)(P(=O)([O-])[O-])P(=O)([O-])O,0.9883,0.9982,0.9948,0.9706,0.7859,0.8059
28657-80-9,pa_ph1n1,CCn1nc(C(=O)[O-])c(=O)c2cc3c(cc21)OCO3,0.3434,0.6321,0.8368,0.6849,0.4491,0.0661
286930-03-8,pa_ph1n1,CC(C)C(=O)Oc1ccc(CO)cc1[C@@H](CC[NH+](C(C)C)C(C)C)c1ccccc1,0.1811,0.8057,0.387,0.5637,0.5278,0.8163
297-76-7,pa_ph1n1,C#C[C@]1(OC(C)=O)CC[C@H]2[C@@H]3CCC4=C[C@@H](OC(C)=O)CC[C@@H]4[C@H]3CC[C@@]21C,0.001,0.0713,0.0714,0.3422,0.6599,0.903
302-79-4,pa_ph1n1,CC1=C(/C=C/C(C)=C/C=C/C(C)=C/C(=O)[O-])C(C)(C)CCC1,0.2142,0.0246,0.6817,0.488,0.0079,0.113
302962-49-8,pa_ph1n1,Cc1nc(N2CCN(CCO)CC2)cc(Nc2ncc(C(=O)Nc3c(C)cccc3Cl)s2)[nH+]1,0.7765,0.8243,0.7465,0.2637,0.5196,0.6095
304-20-1,pa_ph1n1,NNc1[nH+]ncc2ccccc12,0.5075,0.5721,0.4049,0.4931,0.9086,0.7036
3056-17-5,pa_ph1n1,Cc1cn([C@H]2C=C[C@@H](CO)O2)c(=O)[nH]c1=O,0.2217,0.3066,0.8487,0.7976,0.5336,0.0337
30652-11-0,pa_ph1n1,Cc1c(O)c(=O)ccn1C,0.9972,0.9943,0.2874,0.5384,0.0411,0.3413
319460-85-0,pa_ph1n1,CNC(=O)c1ccccc1Sc1ccc2c(/C=C/c3ccccn3)n[nH]c2c1,0.926,0.9471,0.9932,0.999,0.997,0.9378
320345-99-1,pa_ph1n1,O=C(O[C@H]1C[N@+]2(CCCOc3ccccc3)CC[C@H]1CC2)C(O)(c1cccs1)c1cccs1,0.5134,0.8968,0.9987,0.8643,0.0861,0.0865
321-30-2,pa_ph1n1,Nc1ncnc2[nH]cnc12,0.973,0.8722,0.8936,0.9084,0.1519,0.5895
33069-62-4,pa_ph1n1,CC(=O)O[C@H]1C(=O)[C@@]2(C)[C@H]([C@H](OC(=O)c3ccccc3)[C@]3(O)C[C@H](OC(=O)[C@H](O)[C@@H](NC(=O)c4ccccc4)c4ccccc4)C(C)=C1C3(C)C)[C@]1(OC(C)=O)CO[C@@H]1C[C@@H]2O,0.6712,0.7882,0.2916,0.2985,0.1138,0.3023
330784-47-9,pa_ph1n1,COc1ccc(CNc2nc(N3CCC[C@H]3CO)ncc2C(=O)NCc2ncccn2)cc1Cl,0.9954,0.9868,0.8943,0.9535,0.2857,0.1888
33402-03-8,pa_ph1n1,C[C@H]([NH3+])[C@H](O)c1cccc(O)c1,0.633,0.7532,0.3937,0.2929,0.5029,0.1797
33419-42-0,pa_ph1n1,COc1cc([C@@H]2c3cc4c(cc3[C@@H](O[C@@H]3O[C@@H]5CO[C@@H](C)O[C@H]5[C@H](O)[C@H]3O)[C@H]3COC(=O)[C@H]23)OCO4)cc(OC)c1O,0.9908,0.9983,0.9421,0.9725,0.8135,0.857
341031-54-7,pa_ph1n1,CC[NH+](CC)CCNC(=O)c1c(C)[nH]c(/C=C2\C(=O)Nc3ccc(F)cc32)c1C,0.999,0.9224,0.9954,0.709,0.9736,0.9923
34183-22-7,pa_ph1n1,CCC[NH2+]C[C@@H](O)COc1ccccc1C(=O)CCc1ccccc1,0.602,0.1422,0.7387,0.9275,0.5327,0.792
34381-68-5,pa_ph1n1,CCCC(=O)Nc1ccc(OC[C@@H](O)C[NH2+]C(C)C)c(C(C)=O)c1,0.0522,0.9788,0.28,0.5727,0.8167,0.2029
34552-83-5,pa_ph1n1,CN(C)C(=O)C(CC[N@H+]1CC[C@](O)(c2ccc(Cl)cc2)CC1)(c1ccccc1)c1ccccc1,0.9642,0.8565,0.7263,0.5197,0.5998,0.6599
34580-14-8,pa_ph1n1,C[NH+]1CCC(=C2c3ccccc3CC(=O)c3sccc32)CC1,0.0159,0.127,0.1995,0.0193,0.0543,0.1197
3543-75-7,pa_ph1n1,Cn1c(CCCC(=O)[O-])nc2cc(N(CCCl)CCCl)ccc21,0.9086,0.8902,0.9484,0.7691,0.0018,0.1783
36322-90-4,pa_ph1n1,CN1C(C(=O)Nc2ccccn2)=C([O-])c2ccccc2S1(=O)=O,0.4781,0.5412,0.7944,0.9312,0.4035,0.8812
364782-34-3,pa_ph1n1,C[C@@H]([NH2+]CCCc1cccc(C(F)(F)F)c1)c1cccc2ccccc12,0.0175,0.0226,0.4254,0.6838,0.2037,0.8713
367514-88-3,pa_ph1n1,O=C1[C@@H]2[C@H]3CC[C@H](C3)[C@@H]2C(=O)N1C[C@@H]1CCCC[C@H]1C[NH+]1CCN(c2nsc3ccccc23)CC1,0.9783,0.6552,0.9648,0.753,0.1463,0.7065
36791-04-5,pa_ph1n1,NC(=O)c1ncn([C@@H]2O[C@H](CO)[C@@H](O)[C@H]2O)n1,0.9584,0.9898,0.8579,0.7334,0.3941,0.734
3717-88-2,pa_ph1n1,Cc1c(-c2ccccc2)oc2c(C(=O)OCC[NH+]3CCCCC3)cccc2c1=O,0.3899,0.4382,0.5862,0.8297,0.8488,0.3896
3801-06-7,pa_ph1n1,CC(=O)O[C@]1(C(C)=O)CC[C@H]2[C@@H]3C[C@H](C)C4=CC(=O)C=C[C@]4(C)[C@@]3(F)[C@@H](O)C[C@@]21C,0.4518,0.2683,0.2885,0.5656,0.4656,0.5207
380843-75-4,pa_ph1n1,COc1cc(Nc2c(C#N)cnc3cc(OCCC[NH+]4CCN(C)CC4)c(OC)cc23)c(Cl)cc1Cl,0.7931,0.9842,0.9952,0.9688,0.8777,0.0606
38194-50-2,pa_ph1n1,CC1=C(CC(=O)[O-])c2cc(F)ccc2/C1=C\c1ccc([S@](C)=O)cc1,0.2496,0.7434,0.9498,0.6219,0.7455,0.428
38304-91-5,pa_ph1n1,Nc1cc(N2CCCCC2)nc(N)[n+]1[O-],0.7133,0.8724,0.9379,0.8926,0.1623,0.3645
389-08-2,pa_ph1n1,CCn1cc(C(=O)[O-])c(=O)c2ccc(C)nc21,0.0065,0.004,0.0276,0.0819,0.5355,0.5132
3963-95-9,pa_ph1n1,C=C1c2cccc(O)c2C(=O)C2=C(O)[C@]3(O)C(=O)C(C(N)=O)=C([O-])[C@@H]([NH+](C)C)[C@@H]3[C@@H](O)[C@H]12,0.487,0.7281,0.3954,0.4636,0.1444,0.4042
3978-86-7,pa_ph1n1,C[NH+]1CCC(=C2c3ccccc3CCc3cccnc32)CC1,0.1316,0.2736,0.0957,0.1522,0.4852,0.814
405165-61-9,pa_ph1n1,[NH3+][C@@H]1CCCCN(c2c(F)cc3c(=O)c(C(=O)[O-])cn(C4CC4)c3c2Cl)C1,0.7849,0.8205,0.6649,0.6428,0.3602,0.5601
41340-25-4,pa_ph1n1,CCc1cccc2c3c([nH]c12)[C@](CC)(CC(=O)[O-])OCC3,0.6434,0.7715,0.192,0.3424,0.8701,0.698
42057-22-7,pa_ph1n1,CC1(C)S[C@@H]2[C@H](NC(=O)[C@H](NC(=O)N3CCN(S(C)(=O)=O)C3=O)c3ccccc3)C(=O)N2[C@H]1C(=O)[O-],0.7802,0.9655,0.9921,0.9931,0.2132,0.0999
42461-84-7,pa_ph1n1,Cc1c(Nc2ncccc2C(=O)[O-])cccc1C(F)(F)F,0.1078,0.0829,0.1615,0.2252,0.365,0.6157
42924-53-8,pa_ph1n1,COc1ccc2cc(CCC(C)=O)ccc2c1,0.4048,0.6971,0.731,0.5624,0.4758,0.0542
4342-03-4,pa_ph1n1,CN(C)/N=N\c1nc[nH]c1C(N)=O,0.8178,0.537,0.599,0.9062,0.8447,0.1452
440-17-5,pa_ph1n1,CN1CC[NH+](CCCN2c3ccccc3Sc3ccc(C(F)(F)F)cc32)CC1,0.7905,0.5229,0.2014,0.2018,0.3032,0.4209
444731-52-6,pa_ph1n1,Cc1ccc(Nc2nccc(N(C)c3ccc4c(C)n(C)nc4c3)n2)cc1S(N)(=O)=O,0.6984,0.9831,0.9343,0.9963,0.8251,0.6989
446-86-6,pa_ph1n1,Cn1cnc([N+](=O)[O-])c1Sc1ncnc2nc[nH]c12,0.9341,0.9493,0.9846,0.9568,0.9927,0.9865
452-35-7,pa_ph1n1,CCOc1ccc2nc(S(N)(=O)=O)sc2c1,0.2141,0.238,0.4749,0.1481,0.0596,0.3763
475207-59-1,pa_ph1n1,CNC(=O)c1cc(Oc2ccc(NC(=O)Nc3ccc(Cl)c(C(F)(F)F)c3)cc2)ccn1,0.7031,0.743,0.23,0.1319,0.311,0.8018
50-01-1,pa_ph1n1,NC(N)=[NH2+],0.3922,0.3715,0.2239,0.5079,0.5159,0.5002
50-02-2,pa_ph1n1,C[C@@H]1C[C@H]2[C@@H]3CCC4=CC(=O)C=C[C@]4(C)[C@@]3(F)[C@@H](O)C[C@]2(C)[C@@]1(O)C(=O)CO,0.0018,0.0118,0.3495,0.207,0.0897,0.563
50-04-4,pa_ph1n1,CC(=O)OCC(=O)[C@@]1(O)CC[C@H]2[C@@H]3CCC4=CC(=O)CC[C@]4(C)[C@H]3C(=O)C[C@@]21C,0.4287,0.9783,0.0453,0.0099,0.8424,0.3966
50-27-1,pa_ph1n1,C[C@]12CC[C@@H]3c4ccc(O)cc4CC[C@H]3[C@@H]1C[C@@H](O)[C@@H]2O,0.8302,0.7388,0.7641,0.92,0.7208,0.074
50-28-2,pa_ph1n1,C[C@@]12CC[C@@H]3c4ccc(O)cc4CC[C@@H]3[C@H]1CC[C@H]2O,0.758,0.1744,0.2617,0.6822,0.302,0.8381
50-35-1,pa_ph1n1,O=C1CC[C@H](N2C(=O)c3ccccc3C2=O)C(=O)N1,0.2379,0.2085,0.9604,0.8534,0.2028,0.2582
50-41-9,pa_ph1n1,CC[NH+](CC)CCOc1ccc(/C(=C(/Cl)c2ccccc2)c2ccccc2)cc1,0.144,0.1472,0.4815,0.3608,0.3257,0.7293
50-55-5,pa_ph1n1,COC(=O)[C@H]1[C@H]2C[C@@H]3c4[nH]c5cc(OC)ccc5c4CCN3C[C@H]2C[C@@H](OC(=O)c2cc(OC)c(OC)c(OC)c2)[C@@H]1OC,0.1914,0.2724,0.5855,0.3801,0.447,0.054
50-63-5,pa_ph1n1,CC[NH+](CC)CCC[C@@H](C)Nc1cc[nH+]c2cc(Cl)ccc12,0.266,0.8167,0.491,0.1204,0.338,0.1238
50-78-2,pa_ph1n1,CC(=O)Oc1ccccc1C(=O)[O-],0.522,0.3097,0.0285,0.0666,0.7798,0.9741
50-81-7,pa_ph1n1,O=C1O[C@H]([C@@H](O)CO)C([O-])=C1O,0.0933,0.084,0.8508,0.2203,0.2864,0.3781
50-91-9,pa_ph1n1,O=c1[nH]c(=O)n([C@@H]2C[C@@H](O)[C@H](CO)O2)cc1F,0.4448,0.1498,0.318,0.3269,0.8753,0.8297
50700-72-6,pa_ph1n1,CC(=O)O[C@@H]1C[C@H]2CC[C@@H]3[C@@H](CC[C@]4(C)[C@@H]3C[C@@H]([N+]3(C)CCCCC3)[C@@H]4OC(C)=O)[C@]2(C)C[C@H]1[NH+]1CCCCC1,0.464,0.5767,0.864,0.8778,0.4818,0.8005
51-21-8,pa_ph1n1,O=c1[nH]cc(F)c(=O)[nH]1,0.3006,0.8726,0.0738,0.4286,0.6968,0.8774
51-52-5,pa_ph1n1,CCCc1cc(=O)[nH]c(=S)[nH]1,0.0518,0.1575,0.2404,0.5535,0.2059,0.0755
51333-22-3,pa_ph1n1,CCC[C@H]1O[C@@H]2C[C@H]3[C@@H]4CCC5=CC(=O)C=C[C@]5(C)[C@H]4[C@@H](O)C[C@]3(C)[C@]2(C(=O)CO)O1,0.8178,0.4243,0.8751,0.9258,0.209,0.2033
51481-61-9,pa_ph1n1,CN/C(=N\C#N)NCCSCc1[nH+]c[nH]c1C,0.5645,0.2882,0.191,0.4773,0.977,0.8824
51803-78-2,pa_ph1n1,CS(=O)(=O)[N-]c1ccc([N+](=O)[O-])cc1Oc1ccccc1,0.9558,0.8021,0.7059,0.4504,0.8433,0.2131
518048-05-0,pa_ph1n1,Cc1nnc(C(=O)NC(C)(C)c2nc(C(=O)NCc3ccc(F)cc3)c(O)c(=O)n2C)o1,0.2326,0.3694,0.1591,0.0561,0.1523,0.2283
52-21-1,pa_ph1n1,CC(=O)OCC(=O)[C@@]1(O)CC[C@H]2[C@@H]3CCC4=CC(=O)C=C[C@]4(C)[C@H]3[C@@H](O)C[C@@]21C,0.8806,0.5957,0.8566,0.619,0.52,0.9662
52-86-8,pa_ph1n1,O=C(CCC[N@H+]1CC[C@](O)(c2ccc(Cl)cc2)CC1)c1ccc(F)cc1,0.2741,0.8681,0.6843,0.8941,0.8409,0.5739
521-78-8,pa_ph1n1,C[C@H](CN1c2ccccc2CCc2ccccc21)C[NH+](C)C,0.3854,0.8486,0.6655,0.682,0.9645,0.7914
527-07-1,pa_ph1n1,O=C([O-])[C@H](O)[C@@H](O)[C@H](O)[C@H](O)CO,0.9028,0.8304,0.7332,0.9317,0.5536,0.2816
53-86-1,pa_ph1n1,COc1ccc2c(c1)c(CC(=O)[O-])c(C)n2C(=O)c1ccc(Cl)cc1,0.6354,0.3272,0.2467,0.1433,0.0858,0.4631
532-03-6,pa_ph1n1,COc1ccccc1OC[C@@H](O)COC(N)=O,0.3584,0.9048,0.2332,0.5901,0.0038,0.0878
53885-35-1,pa_ph1n1,Clc1ccccc1C[N@@H+]1CCc2sccc2C1,0.9429,0.949,0.9698,0.9799,0.87,0.8776
54-85-3,pa_ph1n1,NNC(=O)c1ccncc1,0.8273,0.5123,0.096,0.3527,0.4292,0.1004
54029-12-8,pa_ph1n1,CCC[S@@](=O)c1ccc2[nH]/c(=N\C(=O)OC)[nH]c2c1,0.1516,0.668,0.9401,0.6766,0.7309,0.6861
540737-29-9,pa_ph1n1,C[C@@H]1CCN(C(=O)CC#N)C[C@@H]1N(C)c1ncnc2[nH]ccc12,0.871,0.7896,0.5482,0.1854,0.268,0.1441
541-15-1,pa_ph1n1,C[N+](C)(C)C[C@@H](O)CC(=O)[O-],0.3448,0.1984,0.1925,0.1966,0.8181,0.8172
541-22-0,pa_ph1n1,C[N+](C)(C)CCCCCCCCCC[N+](C)(C)C,0.899,0.6677,0.1506,0.1394,0.769,0.5988
5451-09-2,pa_ph1n1,[NH3+]CC(=O)CCC(=O)[O-],0.861,0.538,0.2295,0.0681,0.0862,0.5271
54527-84-3,pa_ph1n1,COC(=O)C1=C(C)NC(C)=C(C(=O)OCC[N@@H+](C)Cc2ccccc2)[C@@H]1c1cccc([N+](=O)[O-])c1,0.1409,0.0915,0.1296,0.1138,0.9174,0.9563
548-62-9,pa_ph1n1,CN(C)c1ccc(C(=C2C=CC(=[N+](C)C)C=C2)c2ccc(N(C)C)cc2)cc1,0.4764,0.7739,0.9154,0.9748,0.087,0.0952
548-73-2,pa_ph1n1,O=C(CCC[N@@H+]1CC=C(n2c(=O)[nH]c3ccccc32)CC1)c1ccc(F)cc1,0.0472,0.2681,0.1092,0.3768,0.5737,0.3873
549-18-8,pa_ph1n1,C[NH+](C)CCC=C1c2ccccc2CCc2ccccc21,0.1373,0.114,0.8124,0.6337,0.0047,0.0042
55-06-1,pa_ph1n1,[NH3+][C@@H](Cc1cc(I)c(Oc2ccc([O-])c(I)c2)c(I)c1)C(=O)[O-],0.2481,0.5444,0.5111,0.4498,0.2294,0.2844
55-98-1,pa_ph1n1,CS(=O)(=O)OCCCCOS(C)(=O)=O,0.8873,0.993,0.7437,0.818,0.3808,0.4355
550-99-2,pa_ph1n1,c1ccc2c(CC3=[NH+]CCN3)cccc2c1,0.1936,0.3479,0.7199,0.9638,0.0018,0.2809
55079-83-9,pa_ph1n1,COc1cc(C)c(/C=C/C(C)=C/C=C/C(C)=C/C(=O)[O-])c(C)c1C,0.9965,0.9814,0.9154,0.9957,0.9596,0.1438
55268-74-1,pa_ph1n1,O=C(C1CCCCC1)N1CC(=O)N2CCc3ccccc3[C@@H]2C1,0.7652,0.7263,0.3012,0.3832,0.3176,0.0446
553-08-2,pa_ph1n1,CCCCCCCCCCCCCCCC[N+](C)(C)CCN(Cc1ccc(OC)cc1)c1ncccn1,0.8883,0.969,0.9817,0.9321,0.5372,0.1389
555-30-6,pa_ph1n1,C[C@]([NH3+])(Cc1ccc(O)c(O)c1)C(=O)[O-],0.95,0.9121,0.5373,0.8762,0.4343,0.774
5593-20-4,pa_ph1n1,CCC(=O)OCC(=O)[C@@]1(OC(=O)CC)[C@@H](C)C[C@H]2[C@@H]3CCC4=CC(=O)C=C[C@]4(C)[C@@]3(F)[C@@H](O)C[C@@]21C,0.994,0.625,0.0568,0.0535,0.0107,0.0067
56-85-9,pa_ph1n1,NC(=O)CC[C@H]([NH3+])C(=O)[O-],0.8745,0.5299,0.5603,0.8127,0.9736,0.9367
56180-94-0,pa_ph1n1,C[C@H]1O[C@H](O[C@H]2[C@H](O)[C@@H](O)[C@@H](O[C@@H]([C@H](O)[C@@H](O)C=O)[C@H](O)CO)O[C@@H]2CO)[C@H](O)[C@@H](O)[C@@H]1N[C@H]1C=C(CO)[C@@H](O)[C@H](O)[C@H]1O,0.0984,0.0448,0.1032,0.0708,0.5618,0.6353
56211-40-6,pa_ph1n1,Cc1cccc(Nc2cc[nH+]cc2S(=O)(=O)[N-]C(=O)NC(C)C)c1,0.7166,0.7836,0.7585,0.6726,0.8785,0.7723
56296-78-7,pa_ph1n1,C[NH2+]CC[C@H](Oc1ccc(C(F)(F)F)cc1)c1ccccc1,0.1257,0.3518,0.8702,0.8684,0.9862,0.8201
57-41-0,pa_ph1n1,O=C1NC(=O)C(c2ccccc2)(c2ccccc2)N1,0.8922,0.9702,0.6903,0.1713,0.9128,0.8854
57-66-9,pa_ph1n1,CCCN(CCC)S(=O)(=O)c1ccc(C(=O)[O-])cc1,0.4902,0.4133,0.1281,0.731,0.4414,0.4374
57-68-1,pa_ph1n1,Cc1cc(C)nc([N-]S(=O)(=O)c2ccc(N)cc2)n1,0.2095,0.7456,0.5938,0.2066,0.853,0.2274
57248-88-1,pa_ph1n1,[NH3+]CC[C@](O)(P(=O)([O-])[O-])P(=O)([O-])O,0.9927,0.9694,0.9891,0.9781,0.8211,0.4969
57808-65-8,pa_ph1n1,Cc1cc([C@H](C#N)c2ccc(Cl)cc2)c(Cl)cc1NC(=O)c1cc(I)cc(I)c1[O-],0.8885,0.8135,0.442,0.4591,0.1472,0.1794
57852-57-0,pa_ph1n1,CC(=O)[C@]1(O)Cc2c(O)c3c(c(O)c2[C@@H](O[C@H]2C[C@H]([NH3+])[C@H](O)[C@H](C)O2)C1)C(=O)c1ccccc1C3=O,0.9371,0.5404,0.0091,0.0389,0.1467,0.723
5786-21-0,pa_ph1n1,C[NH+]1CCN(C2=Nc3cc(Cl)ccc3Nc3ccccc32)CC1,0.9828,0.9918,0.904,0.9915,0.1283,0.6938
58-56-0,pa_ph1n1,Cc1[nH+]cc(CO)c(CO)c1[O-],0.9172,0.7131,0.8943,0.8931,0.1036,0.2021
58-61-7,pa_ph1n1,Nc1ncnc2c1ncn2[C@@H]1O[C@H](CO)[C@@H](O)[C@@H]1O,0.001,0.0704,0.0885,0.1165,0.733,0.4033
58-96-8,pa_ph1n1,O=c1ccn([C@@H]2O[C@H](CO)[C@H](O)[C@@H]2O)c(=O)[nH]1,0.3478,0.2854,0.3871,0.6355,0.2502,0.052
58579-51-4,pa_ph1n1,O=C1CN2Cc3c(ccc(Cl)c3Cl)NC2=N1,0.8876,0.542,0.6984,0.8209,0.0875,0.0227
59-05-2,pa_ph1n1,CN(Cc1cnc2nc(N)nc(N)c2n1)c1ccc(C(=O)N[C@@H](CCC(=O)[O-])C(=O)[O-])cc1,0.866,0.7035,0.725,0.5183,0.3273,0.338
59-67-6,pa_ph1n1,O=C([O-])c1cccnc1,0.6579,0.1648,0.1745,0.1347,0.4531,0.5081
59-87-0,pa_ph1n1,NC(=O)N/N=C/c1ccc([N+](=O)[O-])o1,0.9175,0.9502,0.602,0.2145,0.2143,0.5849
590-63-6,pa_ph1n1,C[C@@H](C[N+](C)(C)C)OC(N)=O,0.8969,0.9535,0.985,0.7474,0.9163,0.9895
595-33-5,pa_ph1n1,CC(=O)O[C@]1(C(C)=O)CC[C@H]2[C@@H]3C=C(C)C4=CC(=O)CC[C@]4(C)[C@H]3CC[C@@]21C,0.3352,0.4636,0.0533,0.2717,0.7266,0.5091
60-32-2,pa_ph1n1,[NH3+]CCCCCC(=O)[O-],0.018,0.1154,0.1785,0.5201,0.8147,0.0312
60-56-0,pa_ph1n1,Cn1cc[nH]c1=S,0.8222,0.8462,0.9152,0.9028,0.6016,0.7239
6018-19-5,pa_ph1n1,Nc1ccc(C(=O)[O-])c(O)c1,0.5964,0.7183,0.1216,0.544,0.6292,0.3095
603-50-9,pa_ph1n1,CC(=O)Oc1ccc(C(c2ccc(OC(C)=O)cc2)c2cccc[nH+]2)cc1,0.0679,0.3456,0.2093,0.5212,0.4657,0.3529
61-16-5,pa_ph1n1,COc1ccc(OC)c([C@@H](O)[C@H](C)[NH3+])c1,0.3589,0.4053,0.5144,0.3118,0.4128,0.0743
61-76-7,pa_ph1n1,C[NH2+]C[C@H](O)c1cccc(O)c1,0.6607,0.9486,0.3538,0.2613,0.4166,0.5591
61318-91-0,pa_ph1n1,Clc1ccc(CS[C@@H](Cn2cc[nH+]c2)c2ccc(Cl)cc2Cl)cc1,0.758,0.8543,0.2249,0.6291,0.2336,0.1635
61718-82-9,pa_ph1n1,COCCCC/C(=N\OCC[NH3+])c1ccc(C(F)(F)F)cc1,0.0735,0.7185,0.6832,0.737,0.6938,0.5986
62-31-7,pa_ph1n1,[NH3+]CCc1ccc(O)c(O)c1,0.7782,0.8154,0.5413,0.7324,0.678,0.7181
62-97-5,pa_ph1n1,C[N+]1(C)CCC(=C(c2ccccc2)c2ccccc2)CC1,0.8912,0.8094,0.9636,0.9152,0.6322,0.8515
62013-04-1,pa_ph1n1,CC[C@H]1OC(=O)[C@H](C)[C@@H](O[C@H]2C[C@@](C)(OC)[C@@H](O)[C@H](C)O2)[C@H](C)[C@@H](O[C@@H]2O[C@H](C)C[C@H]([NH+](C)C)[C@H]2O)[C@](C)(O)C[C@@H](C)[C@@H]2N[C@@H](COCCOC)O[C@H]([C@H]2C)[C@]1(C)O,0.9447,0.9422,0.6391,0.9313,0.1301,0.3403
624-49-7,pa_ph1n1,COC(=O)/C=C/C(=O)OC,0.6938,0.3306,0.2729,0.113,0.6862,0.2554
62571-86-2,pa_ph1n1,C[C@H](CS)C(=O)N1CCC[C@H]1C(=O)[O-],0.7335,0.5961,0.892,0.4996,0.3467,0.4977
62893-19-0,pa_ph1n1,CCN1CCN(C(=O)N[C@@H](C(=O)N[C@@H]2C(=O)N3C(C(=O)[O-])=C(CSc4nnnn4C)CS[C@H]23)c2ccc(O)cc2)C(=O)C1=O,0.5078,0.4832,0.6229,0.1609,0.8636,0.98
63-45-6,pa_ph1n1,COc1cc(N[C@H](C)CCC[NH3+])c2ncccc2c1,0.6216,0.3547,0.4368,0.2333,0.6525,0.2392
63-74-1,pa_ph1n1,Nc1ccc(S(N)(=O)=O)cc1,0.7972,0.7969,0.3352,0.5518,0.4531,0.0097
63-92-3,pa_ph1n1,C[C@@H](COc1ccccc1)[N@@H+](CCCl)Cc1ccccc1,0.606,0.2114,0.7702,0.9132,0.6958,0.561
635728-49-3,pa_ph1n1,CC(C)CN(C[C@@H](O)[C@H](Cc1ccccc1)NC(=O)O[C@H]1CO[C@H]2OCC[C@H]21)S(=O)(=O)c1ccc(N)cc1,0.7405,0.8865,0.9463,0.9149,0.8995,0.6652
63659-19-8,pa_ph1n1,CC(C)[NH2+]C[C@@H](O)COc1ccc(CCOCC2CC2)cc1,0.833,0.8542,0.0825,0.7809,0.1371,0.0744
64-75-5,pa_ph1n1,C[NH+](C)[C@@H]1C([O-])=C(C(N)=O)C(=O)[C@@]2(O)C(O)=C3C(=O)c4c(O)cccc4[C@@](C)(O)[C@H]3C[C@@H]12,0.1713,0.033,0.0919,0.3131,0.678,0.4998
64-77-7,pa_ph1n1,CCCCNC(=O)[N-]S(=O)(=O)c1ccc(C)cc1,0.8311,0.6263,0.2908,0.8213,0.078,0.0572
641571-10-0,pa_ph1n1,Cc1cn(-c2cc(NC(=O)c3ccc(C)c(Nc4nccc(-c5cccnc5)n4)c3)cc(C(F)(F)F)c2)cn1,0.5636,0.8553,0.1165,0.0884,0.754,0.4031
64228-81-5,pa_ph1n1,COc1ccc(C[C@@H]2c3cc(OC)c(OC)cc3CC[N@+]2(C)CCC(=O)OCCCCCOC(=O)CC[N@@+]2(C)CCc3cc(OC)c(OC)cc3[C@H]2Cc2ccc(OC)c(OC)c2)cc1OC,0.0306,0.4358,0.3083,0.7393,0.1787,0.6526
64461-82-1,pa_ph1n1,Clc1ccc2nsnc2c1N=C1NCCN1,0.5417,0.8659,0.1128,0.0729,0.658,0.483
645-05-6,pa_ph1n1,CN(C)c1nc(N(C)C)nc(N(C)C)n1,0.6475,0.6856,0.5621,0.4779,0.3696,0.0059
64872-77-1,pa_ph1n1,Clc1ccc(CC[C@@H](Cn2cc[nH+]c2)Sc2c(Cl)cccc2Cl)cc1,0.973,0.8539,0.6341,0.2318,0.0959,0.3627
6493-05-6,pa_ph1n1,CC(=O)CCCCn1c(=O)c2c(ncn2C)n(C)c1=O,0.68,0.1083,0.6481,0.4683,0.3261,0.981
65-28-1,pa_ph1n1,Cc1ccc(N(CC2=[NH+]CCN2)c2cccc(O)c2)cc1,0.4547,0.2934,0.1424,0.6392,0.3098,0.7076
65-29-2,pa_ph1n1,CC[N+](CC)(CC)CCOc1cccc(OCC[N+](CC)(CC)CC)c1OCC[N+](CC)(CC)CC,0.5486,0.1337,0.5887,0.6645,0.068,0.0595
65277-42-1,pa_ph1n1,CC(=O)N1CCN(c2ccc(OC[C@H]3CO[C@](Cn4cc[nH+]c4)(c4ccc(Cl)cc4Cl)O3)cc2)CC1,0.0565,0.11,0.8694,0.8797,0.3766,0.5078
65473-14-5,pa_ph1n1,C[N@@H+](CC=Cc1ccccc1)Cc1cccc2ccccc12,0.7717,0.7434,0.606,0.5896,0.3223,0.4379
66085-59-4,pa_ph1n1,COCCOC(=O)C1=C(C)NC(C)=C(C(=O)OC(C)C)[C@H]1c1cccc([N+](=O)[O-])c1,0.5367,0.6797,0.3026,0.5305,0.6763,0.6884
66104-23-2,pa_ph1n1,CCC[N@H+]1C[C@H](CSC)C[C@@H]2c3cccc4[nH]cc(c34)C[C@H]21,0.6245,0.2815,0.5286,0.369,0.331,0.2689
66357-59-3,pa_ph1n1,C/[NH+]=C(\C[N+](=O)[O-])NCCSCc1ccc(C[NH+](C)C)o1,0.7358,0.221,0.8441,0.2148,0.8566,0.6093
67-03-8,pa_ph1n1,Cc1ncc(C[n+]2csc(CCO)c2C)c(N)n1,0.999,0.9773,0.9166,0.967,0.2364,0.3694
67-48-1,pa_ph1n1,C[N+](C)(C)CCO,0.9552,0.9469,0.7432,0.9834,0.423,0.4314
67-73-2,pa_ph1n1,CC1(C)O[C@@H]2C[C@H]3[C@@H]4C[C@H](F)C5=CC(=O)C=C[C@]5(C)[C@@]4(F)[C@@H](O)C[C@]3(C)[C@]2(C(=O)CO)O1,0.8543,0.5631,0.8906,0.9458,0.9812,0.7305
67-92-5,pa_ph1n1,CC[NH+](CC)CCOC(=O)C1(C2CCCCC2)CCCCC1,0.7637,0.9597,0.4319,0.824,0.0217,0.0397
68-35-9,pa_ph1n1,Nc1ccc(S(=O)(=O)[N-]c2ncccn2)cc1,0.8824,0.3374,0.6402,0.188,0.2824,0.2083
68-41-7,pa_ph1n1,[NH3+][C@@H]1CONC1=O,0.0692,0.434,0.3281,0.3623,0.0553,0.0129
68291-97-4,pa_ph1n1,NS(=O)(=O)Cc1noc2ccccc12,0.4038,0.5878,0.286,0.2799,0.2242,0.18
68373-14-8,pa_ph1n1,CC1(C)[C@H](C(=O)[O-])N2C(=O)C[C@H]2S1(=O)=O,0.9737,0.6425,0.7628,0.5057,0.2322,0.1575
697761-98-1,pa_ph1n1,COc1cc2c(cc1Cc1cccc(Cl)c1F)c(=O)c(C(=O)[O-])cn2[C@H](CO)C(C)C,0.97,0.762,0.5818,0.4591,0.102,0.6097
70024-40-7,pa_ph1n1,COc1cc2[nH+]c(N3CCN(C(=O)[C@H]4CCCO4)CC3)nc(N)c2cc1OC,0.5581,0.3312,0.8679,0.4501,0.8209,0.5679
70458-96-7,pa_ph1n1,CCn1cc(C(=O)O)c(=O)c2cc(F)c(N3CC[NH2+]CC3)cc21,0.5815,0.7022,0.1135,0.301,0.8421,0.6434
70476-82-3,pa_ph1n1,O=C1c2c(O)ccc(O)c2C(=O)c2c(NCC[NH2+]CCO)ccc(NCC[NH2+]CCO)c21,0.4884,0.8817,0.4541,0.9626,0.1774,0.4441
7081-44-9,pa_ph1n1,Cc1onc(-c2ccccc2Cl)c1C(=O)N[C@@H]1C(=O)N2[C@@H]1SC(C)(C)[C@@H]2C(=O)[O-],0.4738,0.0287,0.5225,0.5659,0.6747,0.3775
71-58-9,pa_ph1n1,CC(=O)O[C@]1(C(C)=O)CC[C@H]2[C@@H]3C[C@H](C)C4=CC(=O)CC[C@]4(C)[C@H]3CC[C@@]21C,0.0645,0.6313,0.3877,0.6419,0.0984,0.6711
71675-85-9,pa_ph1n1,CC[N@@H+]1CCC[C@H]1CNC(=O)c1cc(S(=O)(=O)CC)c(N)cc1OC,0.3309,0.2393,0.7894,0.7822,0.9291,0.3432
72-14-0,pa_ph1n1,Nc1ccc(S(=O)(=O)/N=c2\[nH]ccs2)cc1,0.6295,0.3168,0.5251,0.6434,0.2618,0.4032
72-33-3,pa_ph1n1,C#C[C@]1(O)CC[C@@H]2[C@H]3CCc4cc(OC)ccc4[C@@H]3CC[C@@]21C,0.9833,0.9459,0.9957,0.999,0.1688,0.0896
721-50-6,pa_ph1n1,CCC[NH2+][C@H](C)C(=O)Nc1ccccc1C,0.0101,0.0024,0.0369,0.0948,0.3945,0.9532
723-46-6,pa_ph1n1,Cc1cc([N-]S(=O)(=O)c2ccc(N)cc2)no1,0.455,0.115,0.3606,0.6016,0.2858,0.5001
72432-03-2,pa_ph1n1,OCC[N@@H+]1C[C@H](O)[C@@H](O)[C@H](O)[C@H]1CO,0.3338,0.0555,0.6883,0.6558,0.2349,0.2673
72559-06-9,pa_ph1n1,CO[C@H]1/C=C\O[C@@]2(C)Oc3c(C)c([O-])c4c(c3C2=O)C2=NC3(CCN(CC(C)C)CC3)NC2=C(NC(=O)/C(C)=C\C=C/[C@H](C)[C@H](O)[C@@H](C)[C@@H](O)[C@@H](C)[C@H](OC(C)=O)[C@@H]1C)C4=O,0.9976,0.3959,0.0554,0.0968,0.0557,0.1666
7279-75-6,pa_ph1n1,CC[C@@H]([NH2+]C(C)C)[C@@H](O)c1ccc(O)c(O)c1,0.8211,0.2293,0.0656,0.0026,0.212,0.3794
73590-58-6,pa_ph1n1,COc1ccc2nc([S@](=O)Cc3[nH+]cc(C)c(OC)c3C)[nH]c2c1,0.8397,0.7746,0.8159,0.8498,0.603,0.6898
738-70-5,pa_ph1n1,COc1cc(Cc2cnc(N)[nH+]c2N)cc(OC)c1OC,0.5136,0.1241,0.9913,0.9059,0.8983,0.1595
73816-42-9,pa_ph1n1,C=C1c2c(Cl)ccc(O)c2C(=O)C2=C(O)[C@]3(O)C(=O)C(C(N)=O)=C([O-])[C@@H]([NH+](C)C)[C@@H]3[C@@H](O)[C@H]12,0.4159,0.2566,0.4328,0.0868,0.2904,0.453
73963-72-1,pa_ph1n1,O=C1CCc2cc(OCCCCc3nnnn3C3CCCCC3)ccc2N1,0.704,0.3191,0.7195,0.7424,0.9064,0.2883
74011-58-8,pa_ph1n1,CCn1cc(C(=O)[O-])c(=O)c2cc(F)c(N3CC[NH2+]CC3)nc21,0.8434,0.97,0.8799,0.535,0.6372,0.2978
745-65-3,pa_ph1n1,CCCCC[C@H](O)/C=C/[C@H]1[C@H](O)CC(=O)[C@@H]1CCCCCCC(=O)[O-],0.4062,0.6267,0.5155,0.679,0.1227,0.1968
74863-84-6,pa_ph1n1,C[C@@H]1CNc2c(cccc2S(=O)(=O)N[C@@H](CCCNC(N)=[NH2+])C(=O)N2CC[C@@H](C)C[C@@H]2C(=O)[O-])C1,0.6093,0.8016,0.3119,0.3858,0.7367,0.4729
753498-25-8,pa_ph1n1,CCc1cc2c(cc1CC)CC([NH2+]C[C@H](O)c1ccc(O)c3[nH]c(=O)ccc13)C2,0.2739,0.5845,0.999,0.8076,0.2699,0.9652
75607-67-9,pa_ph1n1,Nc1nc(F)nc2c1ncn2[C@@H]1O[C@H](COP(=O)([O-])[O-])[C@@H](O)[C@@H]1O,0.1022,0.1062,0.2287,0.7847,0.0745,0.0103
75695-93-1,pa_ph1n1,COC(=O)C1=C(C)NC(C)=C(C(=O)OC(C)C)[C@@H]1c1cccc2nonc12,0.6461,0.8757,0.9885,0.9528,0.8084,0.9157
75706-12-6,pa_ph1n1,Cc1oncc1C(=O)Nc1ccc(C(F)(F)F)cc1,0.5061,0.6858,0.3247,0.8129,0.3036,0.1011
76-90-4,pa_ph1n1,C[N+]1(C)CCC[C@@H](OC(=O)C(O)(c2ccccc2)c2ccccc2)C1,0.3603,0.1516,0.3245,0.248,0.4986,0.766
7681-93-8,pa_ph1n1,C[C@@H]1C/C=C/C=C/C=C/C=C/[C@H](O[C@@H]2O[C@H](C)[C@@H](O)[C@H](N)[C@@H]2O)C[C@@H]2O[C@](O)(C[C@@H](O)C[C@H]3O[C@@H]3/C=C/C(=O)O1)C[C@H](O)[C@H]2C(=O)[O-],0.7144,0.5476,0.5294,0.2115,0.4817,0.6305
76824-35-6,pa_ph1n1,[NH-]S(=O)(=O)NC(=[NH2+])CCSCc1csc(N=C(N)N)n1,0.5552,0.9079,0.4343,0.8978,0.2499,0.0651
77-86-1,pa_ph1n1,[NH3+]C(CO)(CO)CO,0.9956,0.9742,0.9773,0.9988,0.9642,0.6041
77883-43-3,pa_ph1n1,COc1cc2[nH+]c(N3CCN(C(=O)[C@@H]4COc5ccccc5O4)CC3)nc(N)c2cc1OC,0.6739,0.3008,0.3001,0.1752,0.1391,0.1083
78110-38-0,pa_ph1n1,C[C@H]1[C@H](NC(=O)/C(=N\OC(C)(C)C(=O)[O-])c2csc(N)n2)C(=O)N1S(=O)(=O)[O-],0.7541,0.825,0.7807,0.1336,0.4829,0.824
78246-49-8,pa_ph1n1,Fc1ccc([C@@H]2CC[NH2+]C[C@H]2COc2ccc3c(c2)OCO3)cc1,0.891,0.7357,0.3071,0.0352,0.4112,0.6427
78415-72-2,pa_ph1n1,Cc1[nH]c(=O)c(C#N)cc1-c1ccncc1,0.7585,0.7099,0.5812,0.5891,0.7315,0.8592
79-57-2,pa_ph1n1,C[NH+](C)[C@@H]1C([O-])=C(C(N)=O)C(=O)[C@@]2(O)C(O)=C3C(=O)c4c(O)cccc4[C@@](C)(O)[C@H]3[C@H](O)[C@@H]12,0.2202,0.1248,0.375,0.4328,0.2604,0.2531
79307-93-0,pa_ph1n1,C[N@@H+]1CCC[C@H](n2nc(Cc3ccc(Cl)cc3)c3ccccc3c2=O)CC1,0.2863,0.1011,0.1791,0.0925,0.7362,0.9202
79559-97-0,pa_ph1n1,C[NH2+][C@H]1CC[C@@H](c2ccc(Cl)c(Cl)c2)c2ccccc21,0.3088,0.2249,0.0958,0.1413,0.3035,0.2696
797-63-7,pa_ph1n1,C#C[C@]1(O)CC[C@H]2[C@@H]3CCC4=CC(=O)CC[C@@H]4[C@H]3CC[C@@]21CC,0.9812,0.9308,0.5391,0.9234,0.4628,0.9024
79794-75-5,pa_ph1n1,CCOC(=O)N1CCC(=C2c3ccc(Cl)cc3CCc3ccc[nH+]c32)CC1,0.7593,0.7883,0.2908,0.7743,0.8895,0.9765
79902-63-9,pa_ph1n1,CCC(C)(C)C(=O)O[C@H]1C[C@@H](C)C=C2C=C[C@H](C)[C@H](CC[C@@H]3C[C@@H](O)CC(=O)O3)[C@H]21,0.3714,0.2699,0.6325,0.269,0.243,0.347
80-50-2,pa_ph1n1,CCCC(CCC)C(=O)O[C@H]1C[C@H]2CC[C@@H](C1)[N+]2(C)C,0.5869,0.6187,0.2078,0.0499,0.059,0.4293
80-77-3,pa_ph1n1,CN1C(=O)CCS(=O)(=O)[C@H]1c1ccc(Cl)cc1,0.0649,0.0238,0.6917,0.5705,0.0153,0.3169
81403-68-1,pa_ph1n1,COc1cc2[nH+]c(N(C)CCCNC(=O)[C@H]3CCCO3)nc(N)c2cc1OC,0.1831,0.4078,0.1163,0.1378,0.1877,0.7811
82034-46-6,pa_ph1n1,CCOC(=O)O[C@]1(C(=O)OCCl)CC[C@H]2[C@@H]3CCC4=CC(=O)C=C[C@]4(C)[C@H]3[C@@H](O)C[C@@]21C,0.3932,0.7097,0.8665,0.3648,0.7879,0.6709
82586-52-5,pa_ph1n1,CCOC(=O)[C@H](CCc1ccccc1)[NH2+][C@@H](C)C(=O)N1Cc2cc(OC)c(OC)cc2C[C@H]1C(=O)[O-],0.9643,0.8171,0.8711,0.9445,0.3461,0.295
82586-55-8,pa_ph1n1,CCOC(=O)[C@H](CCc1ccccc1)[NH2+][C@@H](C)C(=O)N1Cc2ccccc2C[C@H]1C(=O)[O-],0.5875,0.3127,0.49,0.4318,0.3971,0.4967
82640-04-8,pa_ph1n1,O=C(c1ccc(OCC[NH+]2CCCCC2)cc1)c1c(-c2ccc(O)cc2)sc2cc(O)ccc12,0.3925,0.7841,0.4481,0.3488,0.8527,0.7936
83-12-5,pa_ph1n1,O=C1C(c2ccccc2)=C([O-])c2ccccc21,0.2483,0.387,0.3787,0.641,0.0253,0.4898
83-43-2,pa_ph1n1,C[C@H]1C[C@@H]2[C@H]([C@@H](O)C[C@@]3(C)[C@H]2CC[C@]3(O)C(=O)CO)[C@@]2(C)C=CC(=O)C=C12,0.7038,0.2252,0.0336,0.0349,0.7995,0.4038
83-88-5,pa_ph1n1,Cc1cc2nc3c(=O)[nH]c(=O)nc-3n(C[C@H](O)[C@@H](O)[C@@H](O)CO)c2cc1C,0.2137,0.5998,0.8328,0.9342,0.4278,0.1782
83915-83-7,pa_ph1n1,[NH3+]CCCC[C@H]([NH2+][C@@H](CCc1ccccc1)C(=O)[O-])C(=O)N1CCC[C@H]1C(=O)[O-],0.143,0.0081,0.9829,0.9347,0.6152,0.1321
84371-65-3,pa_ph1n1,CC#C[C@@]1(O)CC[C@H]2[C@@H]3CCC4=CC(=O)CCC4=C3[C@H](c3ccc(N(C)C)cc3)C[C@]21C,0.9064,0.0768,0.7495,0.3283,0.6759,0.6013
849217-68-1,pa_ph1n1,COc1cc2[nH+]ccc(Oc3ccc(NC(=O)C4(C(=O)Nc5ccc(F)cc5)CC4)cc3)c2cc1OC,0.0209,0.2278,0.7527,0.8226,0.911,0.8278
85371-64-8,pa_ph1n1,C[C@@H](N/C(=N\C#N)Nc1ccncc1)C(C)(C)C,0.3614,0.3096,0.4925,0.5711,0.1206,0.3865
85622-93-1,pa_ph1n1,Cn1nnc2c(C(N)=O)ncn2c1=O,0.242,0.2195,0.3809,0.7861,0.0565,0.0324
85650-56-2,pa_ph1n1,C[N@H+]1C[C@H]2c3ccccc3Oc3ccc(Cl)cc3[C@@H]2C1,0.5952,0.3719,0.4987,0.4592,0.4048,0.6714
859-18-7,pa_ph1n1,CCC[C@@H]1C[C@@H](C(=O)N[C@@H]([C@H]2O[C@H](SC)[C@H](O)[C@@H](O)[C@H]2O)[C@@H](C)O)[N@H+](C)C1,0.8465,0.7467,0.5166,0.5604,0.7974,0.6421
863031-21-4,pa_ph1n1,CCOc1nc2cccc(C(=O)OCc3oc(=O)oc3C)c2n1Cc1ccc(-c2ccccc2-c2noc(=O)[nH]2)cc1,0.696,0.7061,0.7102,0.922,0.7338,0.135
873857-62-6,pa_ph1n1,CCc1c(Cl)c([O-])c(Cl)c(O)c1C(=O)O[C@H]1[C@H](O)[C@H](OC)[C@H](OC/C2=C\C=C\C[C@H](O)/C(C)=C/[C@H](CC)[C@@H](O[C@@H]3OC(C)(C)[C@@H](OC(=O)C(C)C)[C@H](O)[C@@H]3O)/C(C)=C/C(C)=C/C[C@@H]([C@@H](C)O)OC2=O)O[C@@H]1C,0.9975,0.9717,0.9308,0.8629,0.2813,0.3926
877399-52-5,pa_ph1n1,C[C@@H](Oc1cc(-c2cnn(C3CC[NH2+]CC3)c2)c[nH+]c1N)c1c(Cl)ccc(F)c1Cl,0.8681,0.6537,0.7626,0.8247,0.9288,0.6759
879085-55-9,pa_ph1n1,CS(=O)(=O)c1ccc(C(=O)Nc2ccc(Cl)c(-c3ccccn3)c2)c(Cl)c1,0.9258,0.9408,0.737,0.9547,0.0811,0.015
880149-29-1,pa_ph1n1,O=C([O-])CC(O)(CC(=O)[O-])C(=O)[O-],0.8918,0.3494,0.8437,0.802,0.3139,0.8693
88889-14-9,pa_ph1n1,CCC(=O)O[C@H](O[P@@](=O)(CCCCc1ccccc1)CC(=O)N1C[C@H](C2CCCCC2)C[C@H]1C(=O)[O-])C(C)C,0.7201,0.9608,0.3119,0.2482,0.5218,0.1145
89-25-8,pa_ph1n1,Cc1cc(O)n(-c2ccccc2)n1,0.9973,0.9957,0.335,0.6063,0.8196,0.5657
90357-06-5,pa_ph1n1,C[C@](O)(CS(=O)(=O)c1ccc(F)cc1)C(=O)Nc1ccc(C#N)c(C(F)(F)F)c1,0.3217,0.5213,0.6787,0.8496,0.7916,0.2687
91374-20-8,pa_ph1n1,CCC[NH+](CCC)CCc1cccc2c1CC(=O)N2,0.1122,0.4287,0.1338,0.2198,0.8663,0.4588
91832-40-5,pa_ph1n1,C=CC1=C(C(=O)[O-])N2C(=O)[C@@H](NC(=O)/C(=N\O)c3csc(N)n3)[C@H]2SC1,0.9478,0.9924,0.4034,0.5812,0.0573,0.0198
93793-83-0,pa_ph1n1,CC(=O)OCC(=O)NCCCOc1cccc(C[NH+]2CCCCC2)c1,0.5024,0.2507,0.8031,0.8912,0.7165,0.0956
93957-55-2,pa_ph1n1,CC(C)n1c(C=C[C@@H](O)C[C@@H](O)CC(=O)[O-])c(-c2ccc(F)cc2)c2ccccc21,0.6743,0.1127,0.0615,0.079,0.4503,0.8928
941678-49-5,pa_ph1n1,N#CC[C@H](C1CCCC1)n1cc(-c2ncnc3[nH]ccc23)cn1,0.7084,0.7797,0.8125,0.6577,0.0895,0.1254
95-25-0,pa_ph1n1,O=c1[nH]c2cc(Cl)ccc2o1,0.0494,0.0822,0.1504,0.2775,0.1351,0.7039
95635-55-5,pa_ph1n1,COc1ccccc1OC[C@@H](O)C[NH+]1CCN(CC(=O)Nc2c(C)cccc2C)CC1,0.9961,0.9586,0.9639,0.9667,0.7376,0.3771
96829-58-2,pa_ph1n1,CCCCCCCCCCC[C@@H](C[C@@H]1OC(=O)[C@H]1CCCCCC)OC(=O)[C@H](CC(C)C)NC=O,0.8175,0.6106,0.3115,0.0511,0.083,0.6415
97-77-8,pa_ph1n1,CCN(CC)C(=S)SSC(=S)N(CC)CC,0.2831,0.6455,0.7847,0.2309,0.521,0.3918
97240-79-4,pa_ph1n1,CC1(C)O[C@@H]2[C@@H](CO[C@@]3(COS(N)(=O)=O)OC(C)(C)O[C@@H]23)O1,0.5544,0.9022,0.3331,0.837,0.5992,0.0895
99300-78-4,pa_ph1n1,COc1ccc([C@H](C[NH+](C)C)C2(O)CCCCC2)cc1,0.3165,0.4716,0.9889,0.7361,0.7603,0.9797
99592-39-9,pa_ph1n1,Clc1ccc([C@H](Cn2cc[nH+]c2)OCc2csc3c(Cl)cccc23)c(Cl)c1,0.9955,0.8894,0.8736,0.9536,0.2557,0.3114
